,CustomerID,Gender,Annual Income ($),Spending Score (1-100),Profession,Work Experience,Family Size
0,1,Male,15000,39,Healthcare,1,4
1,2,Male,35000,81,Engineer,3,3
2,3,Female,86000,6,Engineer,1,1
3,4,Female,59000,77,Lawyer,0,2
4,5,Female,38000,40,Entertainment,2,6
5,6,Female,58000,76,Artist,0,2
6,7,Female,31000,6,Healthcare,1,3
7,8,Female,84000,94,Healthcare,1,3
8,9,Male,97000,3,Engineer,0,3
9,10,Female,98000,72,Artist,1,4
10,11,Male,7000,14,Engineer,1,3
11,12,Female,93000,99,Healthcare,4,4
12,13,Female,80000,15,Executive,0,5
13,14,Female,91000,77,Lawyer,1,1
14,15,Male,19000,13,Doctor,0,1
15,16,Male,51000,79,Healthcare,1,2
16,17,Female,29000,35,Homemaker,9,5
17,18,Male,89000,66,Healthcare,1,6
18,19,Male,20000,29,Entertainment,1,4
19,20,Female,62000,98,Artist,0,1
20,21,Male,96000,35,Homemaker,12,1
21,22,Male,4000,73,Healthcare,3,4
22,23,Female,42000,5,Artist,13,2
23,24,Male,71000,73,Artist,5,2
24,25,Female,67000,14,Executive,1,3
25,26,Male,52000,82,Artist,1,3
26,27,Female,68000,32,Healthcare,9,8
27,28,Male,78000,61,Artist,1,3
28,29,Female,18000,31,Artist,0,1
29,30,Female,20000,87,Artist,5,4
30,31,Male,39000,4,Artist,0,3
31,32,Female,34000,73,Doctor,1,2
32,33,Male,59000,4,Healthcare,1,3
33,34,Male,62000,92,Homemaker,9,7
34,35,Female,91000,14,Lawyer,1,2
35,36,Female,95000,81,Healthcare,3,4
36,37,Female,14000,17,Doctor,5,1
37,38,Female,62000,73,Healthcare,1,5
38,39,Female,9000,26,Artist,8,2
39,40,Female,69000,75,Artist,8,2
40,41,Female,25000,35,Artist,4,1
41,42,Male,85000,92,Healthcare,0,2
42,43,Male,22000,36,Artist,14,3
43,44,Female,33000,61,Artist,1,2
44,45,Female,72000,28,Engineer,8,1
45,46,Female,3000,65,Lawyer,4,2
46,47,Female,52000,55,Artist,0,4
47,48,Female,71000,47,Healthcare,12,1
48,49,Female,78000,42,Healthcare,0,4
49,50,Female,25000,42,Engineer,1,1
50,51,Female,88000,52,Artist,1,2
51,52,Male,97000,60,Artist,1,2
52,53,Female,74000,54,Artist,1,1
53,54,Male,68000,60,Entertainment,0,2
54,55,Female,18000,45,Marketing,1,1
55,56,Male,95000,41,Artist,14,2
56,57,Female,71000,50,Healthcare,9,4
57,58,Male,8000,46,Doctor,8,2
58,59,Female,57000,51,Artist,1,3
59,60,Male,89000,46,Lawyer,1,6
60,61,Male,84000,56,Artist,0,2
61,62,Male,50000,55,Artist,9,2
62,63,Female,50000,52,Lawyer,0,3
63,64,Female,48000,59,Lawyer,1,2
64,65,Male,63000,51,Lawyer,7,2
65,66,Male,9000,59,Entertainment,0,2
66,67,Female,3000,50,Doctor,0,2
67,68,Female,82000,48,Artist,8,4
68,69,Male,81000,59,Artist,0,4
69,70,Female,97000,47,Homemaker,2,2
70,71,Male,91000,55,Healthcare,8,2
71,72,Female,9000,42,Entertainment,8,2
72,73,Female,44000,49,Artist,0,5
73,74,Female,10000,56,Healthcare,8,4
74,75,Male,89000,47,Artist,0,4
75,76,Male,49000,54,Homemaker,0,3
76,77,Female,67000,53,Doctor,0,2
77,78,Male,99000,48,Artist,4,3
78,79,Female,97000,52,Engineer,2,2
80,81,Male,52000,51,Healthcare,0,4
81,82,Male,61000,55,Healthcare,6,3
82,83,Male,120000,41,Artist,8,1
83,84,Female,34000,44,Entertainment,8,4
84,85,Female,24000,57,Marketing,1,3
85,86,Male,31000,46,Healthcare,7,5
86,87,Female,11000,58,Artist,0,3
87,88,Female,55000,55,Artist,5,2
88,89,Female,76000,60,Entertainment,7,3
89,90,Female,56000,46,Doctor,0,2
90,91,Female,46000,55,Entertainment,0,3
91,92,Male,36000,41,Artist,1,4
92,93,Male,88000,49,Artist,1,2
93,94,Female,31000,40,Entertainment,1,2
94,95,Female,24000,42,Artist,0,1
95,96,Male,80000,52,Artist,10,1
96,97,Female,2000,47,Artist,0,1
97,98,Female,67000,50,Artist,0,2
98,99,Male,58000,42,Doctor,1,2
99,100,Male,80000,49,Engineer,3,3
100,101,Female,65000,41,Artist,0,4
101,102,Female,4000,48,Executive,1,7
102,103,Male,98000,59,Artist,0,3
103,104,Male,52000,55,Executive,0,5
104,105,Male,86000,56,Healthcare,10,2
105,106,Female,82000,42,Doctor,1,2
106,107,Female,43000,50,Homemaker,3,2
107,108,Male,78000,46,Lawyer,1,1
108,109,Male,13000,43,Healthcare,6,5
109,110,Male,13000,48,Healthcare,9,3
110,111,Male,34000,52,Entertainment,4,4
111,112,Female,25000,54,Artist,0,1
112,113,Female,71000,42,Doctor,1,5
113,114,Male,2000,46,Artist,1,1
114,115,Female,97000,48,Executive,0,3
115,116,Female,51000,50,Executive,8,4
116,117,Female,9000,43,Lawyer,1,1
117,118,Female,79000,59,Artist,0,2
119,120,Female,87000,57,Artist,1,2
120,121,Male,36000,56,Executive,0,3
121,122,Female,50000,40,Executive,1,4
122,123,Female,97000,58,Engineer,9,4
123,124,Male,6000,91,Healthcare,1,3
124,125,Female,12000,29,Entertainment,9,2
125,126,Female,46000,77,Marketing,1,2
126,127,Male,89000,35,Engineer,0,7
127,128,Male,4000,95,Artist,0,2
128,129,Male,38000,11,Engineer,0,2
129,130,Male,64000,75,Entertainment,8,5
130,131,Male,66000,9,Executive,9,5
131,132,Male,26000,75,Lawyer,0,2
132,133,Female,41000,34,Healthcare,6,4
133,134,Female,45000,71,Artist,5,1
134,135,Male,89000,5,Engineer,1,2
135,136,Female,92000,88,Executive,5,5
136,137,Female,76000,7,Artist,5,2
137,138,Male,85000,73,Artist,3,4
138,139,Male,22000,10,Marketing,8,4
139,140,Female,15000,72,Artist,4,4
140,141,Female,32000,5,Engineer,0,2
141,142,Male,66000,93,Artist,0,5
142,143,Female,62000,40,Doctor,5,3
143,144,Female,85000,87,Lawyer,1,2
144,145,Male,71000,12,Engineer,0,5
145,146,Male,26000,97,Marketing,8,5
146,147,Male,52000,36,Engineer,9,2
147,148,Female,38000,74,Lawyer,1,1
148,149,Female,51000,22,Healthcare,7,4
149,150,Male,90000,90,Artist,6,3
150,151,Male,30000,17,Lawyer,0,9
151,152,Male,41000,88,Engineer,0,1
152,153,Female,17000,20,Engineer,0,2
153,154,Female,92000,76,Artist,2,2
154,155,Female,80000,16,Healthcare,0,4
155,156,Female,10000,89,Marketing,8,4
156,157,Male,16000,1,Executive,1,1
157,158,Female,87000,78,Artist,3,4
158,159,Male,66000,1,Lawyer,1,2
159,160,Female,86000,73,Artist,3,3
160,161,Female,9000,35,Artist,1,1
161,162,Female,50000,83,Healthcare,1,5
162,163,Male,35000,5,Executive,0,5
163,164,Female,58000,93,Healthcare,1,5
164,165,Male,47000,26,Doctor,0,2
165,166,Female,54000,75,Artist,5,3
166,167,Male,79000,20,Homemaker,9,3
167,168,Female,83000,95,Artist,0,5
168,169,Female,57000,27,Artist,0,3
169,170,Male,0,63,Artist,2,2
170,171,Male,69000,13,Artist,3,5
171,172,Male,4000,75,Executive,0,2
172,173,Male,79000,10,Lawyer,0,2
173,174,Male,99000,92,Artist,5,2
174,175,Female,20000,13,Lawyer,0,2
175,176,Female,28000,86,Artist,3,4
176,177,Male,29000,15,Engineer,11,1
177,178,Male,45000,69,Healthcare,2,6
178,179,Male,86000,14,Healthcare,4,3
179,180,Male,42000,90,Engineer,8,1
180,181,Female,59000,32,Artist,7,2
181,182,Female,61000,86,Entertainment,7,5
182,183,Male,11000,15,Artist,7,1
183,184,Female,66000,88,Artist,4,4
184,185,Female,39000,39,Artist,1,1
185,186,Male,72000,97,Artist,6,2
186,187,Female,14000,24,Lawyer,1,2
187,188,Male,44000,68,Doctor,5,3
188,189,Female,76000,17,Engineer,8,2
189,190,Female,95000,85,Artist,4,2
190,191,Female,92000,23,Artist,5,3
191,192,Female,98000,69,Artist,8,2
192,193,Male,96000,8,Executive,9,2
193,194,Female,45000,91,Artist,10,4
194,195,Female,8000,16,Artist,7,2
195,196,Female,46000,79,Executive,1,3
196,197,Female,78000,28,Artist,0,2
197,198,Male,4000,74,Artist,1,5
198,199,Male,81000,18,Executive,1,2
199,200,Male,33000,83,Artist,4,2
200,201,Female,40000,10,Healthcare,0,3
201,202,Male,85000,16,Healthcare,9,3
202,203,Female,60000,0,Engineer,6,8
203,204,Female,60000,39,Healthcare,4,2
204,205,Female,63000,59,Entertainment,0,2
205,206,Female,10000,52,Healthcare,8,3
206,207,Female,55000,61,Healthcare,0,3
207,208,Male,93000,12,Artist,2,1
208,209,Female,15000,7,Doctor,0,2
209,210,Female,39000,33,Engineer,9,4
210,211,Female,57000,93,Engineer,1,2
211,212,Female,22000,92,Artist,2,1
212,213,Male,12000,70,Marketing,2,4
213,214,Male,50000,82,Lawyer,8,1
214,215,Male,95000,68,Doctor,2,4
215,216,Female,66000,70,Healthcare,3,3
216,217,Male,20000,40,Doctor,6,2
217,218,Female,35000,99,Doctor,8,2
218,219,Female,71000,34,Executive,9,2
220,221,Female,84000,33,Artist,5,3
221,222,Female,72000,51,Engineer,4,2
222,223,Male,33000,55,Artist,4,3
223,224,Female,93000,37,Healthcare,1,5
224,225,Female,83000,48,Homemaker,4,1
225,226,Female,23000,8,Engineer,1,1
226,227,Female,40000,77,Artist,5,4
227,228,Male,89000,86,Healthcare,9,4
228,229,Male,33000,64,Marketing,1,1
229,230,Male,94000,30,Healthcare,7,2
230,231,Female,93000,53,Lawyer,8,2
231,232,Male,7000,28,Healthcare,0,4
232,233,Female,18000,88,Lawyer,0,2
233,234,Female,3000,14,Healthcare,0,4
234,235,Female,84000,54,Artist,9,1
235,236,Female,62000,34,Healthcare,0,4
236,237,Male,9000,96,Healthcare,1,5
238,239,Male,37000,74,Lawyer,1,4
239,240,Female,50000,11,Artist,1,2
240,241,Male,83000,16,Executive,1,5
241,242,Female,79000,17,Artist,0,3
242,243,Female,40000,14,Healthcare,1,4
243,244,Female,47000,58,Artist,0,6
244,245,Female,4000,20,Artist,0,4
245,246,Female,38000,75,Entertainment,7,2
246,247,Male,0,96,Doctor,1,3
247,248,Female,7000,16,Artist,1,2
248,249,Female,41000,2,Artist,1,2
249,250,Female,65000,0,Engineer,0,5
250,251,Male,20000,93,Engineer,1,3
251,252,Female,44000,65,Doctor,8,1
252,253,Female,3000,14,Artist,5,4
253,254,Female,72000,13,Lawyer,7,3
254,255,Female,27000,32,Engineer,4,4
255,256,Male,85000,49,Lawyer,4,2
256,257,Male,38000,18,Executive,10,1
257,258,Male,73000,96,Homemaker,6,7
258,259,Female,64000,64,Artist,2,3
259,260,Male,26000,60,Executive,6,4
260,261,Female,47000,16,Artist,2,3
261,262,Female,35000,85,Doctor,2,6
262,263,Female,31000,24,Lawyer,2,3
263,264,Female,13000,38,Engineer,3,4
264,265,Female,79000,10,Homemaker,1,7
265,266,Male,82000,39,Entertainment,2,2
266,267,Female,28000,68,Artist,1,1
267,268,Female,36000,79,Artist,0,3
268,269,Female,8000,76,Entertainment,6,6
269,270,Female,88000,39,Artist,1,2
270,271,Male,91000,36,Entertainment,0,4
271,272,Female,12000,82,Doctor,0,3
272,273,Female,1000,76,Entertainment,0,3
273,274,Female,143000,99,Artist,0,2
274,275,Female,18000,57,Artist,1,2
275,276,Male,65000,89,Lawyer,1,2
276,277,Male,9000,88,Executive,7,4
277,278,Male,95000,21,Artist,1,1
278,279,Female,78000,12,Engineer,9,3
279,280,Male,48000,73,Healthcare,3,3
280,281,Female,63000,87,Executive,1,4
281,282,Female,85000,63,Marketing,1,2
282,283,Female,43000,58,Artist,1,3
283,284,Female,74000,20,Artist,1,2
284,285,Female,67000,11,Healthcare,0,1
285,286,Male,59000,40,Artist,0,1
286,287,Female,140000,84,Entertainment,1,1
287,288,Female,31000,47,Healthcare,1,2
288,289,Female,5000,91,Marketing,0,1
289,290,Female,19000,58,Engineer,1,3
290,291,Male,27000,62,Entertainment,7,1
291,292,Female,68000,80,Doctor,6,3
292,293,Male,38000,66,Artist,8,8
293,294,Female,50000,36,Engineer,6,4
294,295,Female,80000,73,Entertainment,2,2
295,296,Female,69000,43,Executive,9,3
296,297,Female,31000,91,Engineer,3,3
297,298,Male,87000,41,Doctor,6,2
298,299,Male,79000,16,Artist,1,3
299,300,Male,32000,86,Entertainment,5,2
300,301,Male,153787,100,Entertainment,3,3
301,302,Male,95851,16,Healthcare,5,2
302,303,Female,145015,73,Healthcare,6,3
303,304,Female,148539,7,Healthcare,5,2
304,305,Female,117319,21,Lawyer,1,2
305,306,Female,180243,26,Marketing,6,2
306,307,Female,165052,12,Artist,4,2
307,308,Female,120487,14,Doctor,0,2
308,309,Male,112766,83,Engineer,8,4
309,310,Female,156488,65,Engineer,1,4
310,311,Male,97562,15,Executive,5,6
311,312,Female,77501,30,Engineer,5,4
312,313,Female,118302,100,Lawyer,5,1
313,314,Female,64277,9,Executive,9,4
314,315,Male,53927,77,Doctor,2,3
315,316,Male,93921,93,Lawyer,9,2
316,317,Female,132046,8,Homemaker,4,4
317,318,Male,183217,91,Artist,7,2
318,319,Male,182937,44,Marketing,8,1
319,320,Female,68272,56,Healthcare,8,4
320,321,Male,69841,21,Engineer,10,2
321,322,Male,69078,60,Lawyer,13,1
322,323,Female,110667,100,Healthcare,2,4
323,324,Male,95469,94,Doctor,6,1
324,325,Female,102861,40,Artist,4,1
325,326,Male,133551,7,Artist,3,1
326,327,Female,64589,90,Engineer,7,1
327,328,Male,152755,39,Engineer,4,2
328,329,Female,92313,58,Healthcare,1,5
329,330,Female,98922,2,Artist,2,3
330,331,Male,165846,33,Engineer,0,4
331,332,Female,93713,62,Engineer,3,4
332,333,Male,137641,67,Healthcare,0,5
333,334,Male,173743,96,Artist,0,4
334,335,Female,116126,58,Entertainment,10,2
335,336,Female,112246,30,Healthcare,8,3
336,337,Female,69384,75,Healthcare,1,5
337,338,Female,76529,62,Healthcare,0,2
338,339,Female,123804,28,Doctor,14,1
339,340,Female,68292,55,Artist,8,2
340,341,Female,173185,99,Artist,3,1
341,342,Male,142034,82,Entertainment,1,4
342,343,Male,107941,61,Artist,0,1
343,344,Female,149840,61,Engineer,1,1
344,345,Female,148431,99,Healthcare,1,8
345,346,Female,126599,84,Lawyer,0,3
346,347,Female,57180,22,Healthcare,9,1
347,348,Female,184426,41,Artist,9,1
348,349,Female,151085,39,Marketing,2,5
349,350,Female,166107,98,Artist,13,4
350,351,Female,67850,91,Artist,9,4
351,352,Male,173394,4,Engineer,13,1
352,353,Female,72303,98,Lawyer,7,1
353,354,Male,181760,35,Healthcare,14,3
354,355,Female,146858,75,Doctor,9,1
355,356,Male,172923,20,Engineer,6,1
356,357,Female,115811,87,Homemaker,11,4
357,358,Male,184324,51,Marketing,13,5
358,359,Female,67353,19,Lawyer,9,3
359,360,Male,165999,71,Healthcare,9,3
360,361,Male,164914,18,Artist,8,3
361,362,Male,63364,61,Entertainment,1,2
362,363,Female,182352,73,Engineer,4,3
363,364,Female,148544,56,Entertainment,1,2
364,365,Male,62833,85,Artist,1,2
365,366,Male,120627,72,Healthcare,0,2
366,367,Female,130898,30,Artist,1,1
367,368,Female,103130,74,Executive,12,3
368,369,Male,106681,15,Healthcare,9,5
369,370,Female,87353,25,Entertainment,1,5
370,371,Male,88046,61,Artist,8,1
371,372,Female,98168,49,Entertainment,1,2
372,373,Female,178265,5,Lawyer,2,1
373,374,Female,167232,92,Doctor,6,4
374,375,Male,140478,43,Doctor,6,4
375,376,Male,159296,83,Artist,8,1
376,377,Female,144043,78,Doctor,1,1
377,378,Male,72594,64,Artist,1,2
378,379,Female,180288,77,Artist,2,2
379,380,Female,165734,51,Entertainment,0,1
380,381,Male,175407,2,Artist,5,1
381,382,Male,70201,8,Engineer,0,2
382,383,Male,91503,26,Artist,0,6
383,384,Female,184522,43,Artist,0,2
384,385,Female,143560,83,Artist,1,3
385,386,Male,131574,97,Artist,1,2
386,387,Female,151124,18,Artist,15,3
387,388,Female,67447,5,Artist,15,2
388,389,Female,117454,8,Healthcare,16,2
389,390,Female,86203,23,Doctor,13,1
390,391,Female,136231,10,Artist,7,1
391,392,Male,89144,1,Doctor,12,2
392,393,Male,119116,30,Artist,17,4
393,394,Female,163463,31,Artist,9,4
394,395,Female,151696,82,Artist,15,1
395,396,Male,184736,52,Lawyer,13,1
396,397,Female,70419,69,Homemaker,6,4
397,398,Female,119104,41,Entertainment,14,3
398,399,Male,130950,28,Executive,5,3
399,400,Male,140950,77,Artist,15,2
400,401,Female,82285,35,Engineer,16,1
401,402,Female,91389,92,Healthcare,11,7
402,403,Male,186359,95,Doctor,13,2
403,404,Male,178989,46,Doctor,14,3
404,405,Male,166335,45,Engineer,5,5
405,406,Female,119889,11,Artist,17,6
406,407,Female,66852,73,Executive,15,3
407,408,Male,103896,36,Executive,16,4
408,409,Male,187761,87,Healthcare,2,3
409,410,Male,102717,93,Healthcare,7,4
410,411,Male,102647,83,Entertainment,0,2
411,412,Female,113585,31,Lawyer,0,4
412,413,Female,86509,88,Artist,0,4
413,414,Male,59099,44,Marketing,1,7
414,415,Female,135088,5,Lawyer,1,5
415,416,Female,110870,78,Engineer,1,4
416,417,Female,187667,12,Artist,0,1
417,418,Female,124614,25,Artist,8,5
418,419,Female,166492,40,Homemaker,9,7
419,420,Female,172758,69,Entertainment,1,2
420,421,Male,122430,19,Healthcare,1,1
421,422,Female,183540,96,Entertainment,0,6
422,423,Female,96484,34,Artist,5,4
423,424,Male,112587,71,Artist,1,4
424,425,Female,155672,71,Entertainment,7,7
425,426,Female,72847,93,Artist,1,2
426,427,Male,71897,32,Entertainment,2,3
427,428,Male,158479,57,Doctor,1,5
428,429,Male,89251,4,Entertainment,1,1
429,430,Male,179911,24,Engineer,1,1
430,431,Male,111558,85,Healthcare,7,4
431,432,Male,127615,78,Executive,10,7
432,433,Female,50076,32,Artist,3,5
433,434,Female,77779,62,Artist,4,1
434,435,Male,169999,38,Engineer,5,5
435,436,Female,106581,76,Doctor,1,7
436,437,Female,78223,41,Lawyer,0,1
438,439,Male,153399,93,Entertainment,1,6
439,440,Female,162858,91,Artist,0,1
441,442,Male,133602,47,Artist,1,1
442,443,Female,66322,88,Artist,0,3
443,444,Female,68761,16,Lawyer,1,4
444,445,Male,70749,86,Artist,13,3
445,446,Male,65874,87,Artist,7,6
446,447,Male,115996,24,Engineer,15,1
447,448,Female,67097,91,Engineer,6,1
448,449,Female,108027,64,Artist,13,5
449,450,Male,176349,80,Healthcare,8,2
450,451,Male,88452,40,Healthcare,8,6
451,452,Male,128266,55,Engineer,7,4
452,453,Female,156777,20,Healthcare,7,2
453,454,Female,123234,50,Lawyer,10,7
454,455,Female,60790,38,Artist,1,5
455,456,Female,181332,99,Artist,14,6
456,457,Male,187297,7,Artist,0,1
457,458,Female,153885,86,Artist,6,6
458,459,Male,53500,44,Marketing,3,4
459,460,Female,69443,28,Doctor,4,6
460,461,Female,124072,56,Lawyer,0,7
461,462,Female,135800,29,Healthcare,0,7
462,463,Male,120597,96,Artist,2,4
463,464,Female,91358,11,Entertainment,1,4
464,465,Male,53231,41,Marketing,0,5
465,466,Female,156330,31,Engineer,1,2
466,467,Male,186002,80,Doctor,15,2
467,468,Female,111760,53,Executive,12,5
468,469,Female,143906,12,Artist,4,3
469,470,Male,182410,22,Healthcare,11,4
470,471,Male,98463,46,Homemaker,10,5
471,472,Male,93762,28,Artist,15,7
472,473,Male,104582,50,Healthcare,8,2
473,474,Male,130813,92,Artist,17,5
474,475,Female,59202,92,Healthcare,5,4
475,476,Female,79968,45,Lawyer,9,2
476,477,Male,104824,42,Artist,0,7
477,478,Male,188719,30,Lawyer,0,6
478,479,Male,187536,66,Healthcare,3,6
479,480,Male,134008,85,Entertainment,2,1
480,481,Female,176397,71,Artist,6,3
481,482,Female,154888,43,Healthcare,9,6
482,483,Male,155622,81,Healthcare,0,2
483,484,Female,62330,60,Healthcare,1,1
484,485,Female,112838,34,Healthcare,1,7
485,486,Male,58283,59,Homemaker,2,4
486,487,Female,77857,81,Artist,1,6
487,488,Male,125024,25,Artist,0,1
488,489,Female,136242,34,Artist,9,1
489,490,Female,81934,81,Healthcare,1,4
490,491,Female,130511,97,Artist,3,4
491,492,Female,144502,88,Lawyer,3,1
492,493,Male,63769,6,Artist,4,2
493,494,Female,66760,20,Artist,0,4
494,495,Female,135115,54,Entertainment,1,7
495,496,Female,179877,17,Healthcare,12,4
496,497,Female,93351,65,Doctor,1,1
497,498,Male,84547,96,Homemaker,3,3
499,500,Male,65723,91,Artist,6,7
500,501,Female,96794,96,Healthcare,6,3
501,502,Male,72352,61,Healthcare,8,5
502,503,Female,53097,21,Healthcare,0,7
503,504,Female,144831,17,Artist,1,3
504,505,Female,183851,10,Doctor,1,2
505,506,Female,111896,90,Executive,1,3
506,507,Female,64824,30,Executive,1,1
507,508,Male,88565,16,Healthcare,1,5
508,509,Female,104974,63,Artist,1,1
509,510,Female,167060,47,Artist,1,5
510,511,Female,69018,17,Artist,6,1
511,512,Female,174109,96,Entertainment,0,1
512,513,Male,62186,29,Marketing,0,1
513,514,Male,183783,70,Healthcare,9,3
514,515,Male,83771,1,Artist,1,2
515,516,Female,148196,91,Artist,0,2
516,517,Male,131742,87,Entertainment,1,1
517,518,Female,59971,94,Homemaker,14,7
518,519,Female,88960,2,Entertainment,13,3
519,520,Female,140107,38,Healthcare,1,5
520,521,Female,161896,49,Entertainment,1,3
521,522,Female,57272,60,Engineer,1,1
522,523,Male,119952,2,Healthcare,8,2
523,524,Female,167197,63,Doctor,1,5
524,525,Female,186116,2,Healthcare,8,6
525,526,Female,134677,59,Healthcare,15,5
526,527,Female,180479,74,Healthcare,0,3
527,528,Male,112783,21,Artist,9,6
528,529,Male,150258,17,Doctor,0,3
529,530,Male,115832,92,Artist,2,2
530,531,Female,104834,44,Artist,0,7
531,532,Male,152571,66,Doctor,14,5
532,533,Female,162287,45,Engineer,3,2
533,534,Female,171761,59,Doctor,1,6
534,535,Female,77709,73,Artist,0,1
535,536,Female,95053,17,Entertainment,1,2
536,537,Male,74820,33,Doctor,1,2
537,538,Male,152267,92,Engineer,9,5
538,539,Male,71925,14,Artist,4,2
539,540,Female,151340,95,Artist,1,7
540,541,Male,162921,51,Executive,0,4
541,542,Female,52234,30,Executive,1,2
542,543,Female,100271,87,Artist,1,5
543,544,Female,170266,23,Artist,3,2
544,545,Female,88763,1,Entertainment,1,1
546,547,Male,164781,83,Engineer,0,2
547,548,Female,156016,85,Artist,2,1
548,549,Female,186882,40,Entertainment,1,7
549,550,Female,99300,88,Homemaker,5,2
550,551,Male,58127,65,Marketing,0,3
551,552,Female,89211,12,Doctor,1,7
552,553,Female,148607,59,Homemaker,1,7
553,554,Female,139592,62,Marketing,1,1
554,555,Female,172051,62,Healthcare,1,3
555,556,Male,57033,99,Artist,0,4
556,557,Male,117612,63,Engineer,0,6
557,558,Male,185321,96,Artist,0,7
558,559,Female,186577,5,Healthcare,8,5
559,560,Male,151298,89,Artist,0,6
560,561,Female,123925,52,Artist,1,7
561,562,Female,169496,12,Lawyer,11,6
562,563,Female,142892,25,Entertainment,8,1
563,564,Female,58979,3,Entertainment,9,5
564,565,Female,141416,100,Healthcare,15,1
565,566,Male,104854,67,Healthcare,1,7
566,567,Female,180331,14,Artist,17,5
567,568,Female,172896,13,Engineer,0,3
568,569,Female,101451,82,Healthcare,4,3
569,570,Female,189974,37,Engineer,8,1
570,571,Male,90084,65,Artist,1,6
571,572,Female,112247,24,Executive,4,5
572,573,Female,181775,61,Artist,4,5
573,574,Female,59088,31,Artist,1,3
574,575,Female,60856,23,Artist,1,6
575,576,Male,149900,34,Artist,6,3
576,577,Male,142776,98,Engineer,8,5
577,578,Male,162598,84,Artist,8,3
578,579,Female,146195,89,Healthcare,4,4
579,580,Male,135268,53,Lawyer,4,5
580,581,Female,136037,1,Marketing,5,1
581,582,Female,111191,67,Artist,9,4
582,583,Female,144111,62,Entertainment,12,5
583,584,Female,177359,56,Doctor,6,2
584,585,Female,112818,85,Marketing,15,7
585,586,Male,53509,98,Artist,5,4
586,587,Female,168269,75,Executive,10,2
587,588,Female,86766,2,Lawyer,16,3
588,589,Female,52661,25,Healthcare,12,5
589,590,Female,148520,14,Healthcare,11,5
590,591,Male,149936,52,Artist,15,3
591,592,Female,102296,31,Entertainment,7,5
592,593,Male,178416,16,Executive,10,7
593,594,Female,83788,41,Doctor,15,1
594,595,Female,184771,77,Engineer,8,5
595,596,Female,70302,88,Executive,14,3
596,597,Female,58639,51,Entertainment,5,7
597,598,Male,97879,40,Entertainment,15,7
598,599,Male,64707,29,Entertainment,7,3
599,600,Male,71795,87,Healthcare,8,1
600,601,Male,76567,85,Doctor,16,1
602,603,Female,154007,32,Artist,7,7
603,604,Female,69720,78,Lawyer,17,6
604,605,Female,85265,68,Executive,7,6
605,606,Female,155864,31,Healthcare,13,3
606,607,Female,99421,72,Artist,8,7
607,608,Female,145457,57,Executive,2,1
608,609,Male,118041,77,Artist,9,2
609,610,Female,73759,83,Doctor,0,7
610,611,Male,90082,17,Artist,5,7
611,612,Female,74928,12,Artist,0,6
612,613,Female,101352,36,Lawyer,0,5
613,614,Female,93947,81,Healthcare,9,2
614,615,Male,134629,23,Engineer,1,6
615,616,Male,101858,70,Healthcare,8,6
616,617,Female,165501,47,Artist,10,4
617,618,Male,135931,74,Lawyer,5,1
618,619,Male,103356,20,Marketing,1,6
619,620,Female,75195,79,Artist,1,3
620,621,Male,123083,44,Entertainment,6,5
621,622,Male,73884,30,Healthcare,1,2
622,623,Female,91180,61,Entertainment,1,7
623,624,Male,86235,52,Artist,0,2
624,625,Female,96400,4,Doctor,1,7
625,626,Male,83599,12,Healthcare,1,6
626,627,Female,82535,50,Healthcare,0,1
627,628,Male,92227,8,Lawyer,0,5
628,629,Female,150444,27,Artist,13,4
629,630,Female,149095,83,Lawyer,1,2
630,631,Male,113605,42,Artist,3,3
631,632,Female,93854,82,Healthcare,0,7
632,633,Male,118280,92,Artist,0,5
633,634,Male,94576,90,Artist,0,1
634,635,Female,129257,70,Executive,6,3
635,636,Female,70373,10,Healthcare,2,6
636,637,Female,77600,66,Healthcare,0,1
637,638,Female,113707,97,Entertainment,0,5
638,639,Female,189672,8,Doctor,0,7
639,640,Female,143180,58,Artist,0,5
640,641,Female,174890,14,Marketing,3,4
642,643,Male,154857,13,Healthcare,0,7
643,644,Female,160945,51,Healthcare,0,5
644,645,Female,119557,35,Artist,0,2
645,646,Female,187141,33,Doctor,0,7
646,647,Female,97468,22,Artist,0,1
647,648,Female,160351,77,Lawyer,8,5
648,649,Female,178627,94,Healthcare,1,2
649,650,Female,170188,80,Lawyer,1,6
650,651,Female,166007,40,Doctor,1,4
651,652,Male,91794,83,Entertainment,0,7
652,653,Female,189072,86,Artist,6,3
653,654,Male,152717,15,Executive,1,6
654,655,Female,158549,98,Executive,0,3
655,656,Male,134263,94,Marketing,1,3
656,657,Female,148236,28,Executive,1,1
657,658,Male,171677,81,Artist,0,6
658,659,Female,189446,38,Artist,1,6
659,660,Male,106633,53,Artist,0,3
660,661,Male,81084,48,Executive,6,5
661,662,Male,148759,52,Doctor,7,7
662,663,Female,117638,95,Healthcare,2,7
663,664,Female,159537,37,Doctor,4,1
664,665,Male,79526,6,Marketing,9,7
666,667,Female,109519,72,Entertainment,1,4
667,668,Female,156880,70,Artist,0,7
668,669,Male,157278,58,Artist,0,6
669,670,Female,144916,84,Engineer,1,7
670,671,Male,59163,100,Marketing,3,3
671,672,Female,93991,49,Artist,1,3
672,673,Female,58318,45,Doctor,1,1
673,674,Female,180786,88,Lawyer,1,5
674,675,Male,84622,45,Doctor,0,6
675,676,Male,92674,59,Artist,8,4
676,677,Female,87553,94,Artist,1,1
677,678,Male,74174,79,Entertainment,1,2
678,679,Female,180831,33,Healthcare,1,2
679,680,Female,137397,33,Doctor,1,7
680,681,Male,96154,100,Artist,1,4
681,682,Male,172477,69,Entertainment,1,3
682,683,Male,59954,37,Executive,4,4
683,684,Female,112240,95,Entertainment,0,4
684,685,Female,145679,35,Artist,0,2
685,686,Male,136265,49,Artist,12,5
686,687,Female,74869,12,Healthcare,0,3
687,688,Female,109425,46,Engineer,0,1
688,689,Female,126015,57,Healthcare,0,1
689,690,Female,156951,66,Healthcare,4,7
690,691,Female,127172,68,Healthcare,1,2
691,692,Male,113834,22,Doctor,0,3
692,693,Male,132005,2,Entertainment,0,5
693,694,Female,171323,78,Lawyer,10,4
694,695,Female,92355,87,Entertainment,1,4
695,696,Male,60982,3,Healthcare,0,5
696,697,Female,51742,33,Artist,8,3
697,698,Female,138612,71,Executive,9,2
698,699,Male,158123,84,Artist,1,1
699,700,Male,164675,65,Executive,0,5
700,701,Female,172882,27,Healthcare,8,7
701,702,Female,70119,93,Artist,0,1
702,703,Male,113998,26,Healthcare,7,7
704,705,Male,57265,89,Entertainment,7,7
705,706,Female,130597,2,Artist,6,1
706,707,Female,121597,7,Engineer,0,5
707,708,Male,103210,100,Artist,6,6
708,709,Male,66308,8,Executive,0,4
709,710,Male,141336,93,Homemaker,2,1
710,711,Male,153632,76,Entertainment,9,7
711,712,Female,65520,71,Lawyer,1,2
712,713,Female,153217,83,Healthcare,1,6
713,714,Male,92768,75,Doctor,1,1
714,715,Female,132345,10,Artist,0,2
715,716,Female,186069,49,Marketing,1,2
716,717,Female,53802,32,Artist,1,7
717,718,Female,103739,62,Healthcare,6,4
718,719,Female,50550,34,Healthcare,9,7
719,720,Female,145648,21,Healthcare,7,6
720,721,Male,85737,37,Executive,0,3
721,722,Female,99950,20,Entertainment,0,4
722,723,Female,83220,21,Engineer,7,4
723,724,Male,73410,50,Entertainment,8,5
724,725,Female,64310,43,Marketing,2,1
725,726,Female,59844,79,Doctor,0,1
726,727,Male,67787,1,Executive,1,6
727,728,Male,172841,4,Engineer,0,1
728,729,Male,145528,61,Healthcare,1,2
729,730,Male,173807,42,Artist,0,2
730,731,Male,185794,69,Entertainment,7,1
731,732,Male,119780,71,Healthcare,1,3
732,733,Female,158596,86,Artist,1,2
733,734,Female,118122,52,Entertainment,0,6
734,735,Male,99964,11,Healthcare,7,4
735,736,Female,120752,27,Executive,1,6
736,737,Female,189630,53,Executive,5,5
737,738,Male,125510,6,Healthcare,3,3
738,739,Male,101799,49,Engineer,1,1
739,740,Female,92914,74,Artist,0,3
740,741,Female,162465,59,Engineer,9,3
741,742,Male,163818,27,Engineer,2,1
742,743,Female,53832,56,Entertainment,4,1
743,744,Female,140190,49,Engineer,1,4
744,745,Male,125836,69,Healthcare,1,4
745,746,Male,100938,27,Entertainment,0,7
746,747,Male,168670,37,Artist,1,3
747,748,Female,176885,10,Entertainment,0,3
748,749,Female,111174,28,Artist,4,5
749,750,Male,127335,97,Artist,6,6
750,751,Male,149103,3,Healthcare,10,1
751,752,Male,167705,31,Healthcare,0,7
752,753,Female,183548,85,Entertainment,1,4
753,754,Female,50396,46,Lawyer,0,6
754,755,Female,63557,3,Marketing,1,1
755,756,Female,87878,55,Artist,1,6
756,757,Male,55634,53,Engineer,8,3
757,758,Female,118110,26,Engineer,1,5
758,759,Male,129396,36,Artist,6,6
759,760,Female,62628,64,Entertainment,8,6
760,761,Female,51700,17,Healthcare,4,6
761,762,Female,106816,49,Artist,7,5
762,763,Male,93000,67,Lawyer,0,2
763,764,Female,144148,71,Doctor,1,4
764,765,Male,101388,90,Artist,0,2
765,766,Female,171560,78,Engineer,0,2
766,767,Male,156366,60,Entertainment,8,1
767,768,Female,143910,22,Marketing,1,7
768,769,Female,106569,84,Engineer,1,3
769,770,Male,173009,25,Healthcare,9,6
770,771,Male,54252,29,Engineer,0,5
771,772,Male,104600,57,Entertainment,6,3
772,773,Male,50250,54,Artist,0,2
773,774,Male,93242,84,Entertainment,0,7
774,775,Female,156839,38,Artist,3,7
775,776,Female,71305,39,Artist,9,2
776,777,Male,85975,73,Entertainment,0,6
777,778,Male,188107,52,Engineer,10,2
778,779,Male,82333,35,Marketing,1,2
779,780,Male,125016,25,Entertainment,1,7
780,781,Female,148908,10,Healthcare,2,3
781,782,Female,58217,70,Artist,0,1
782,783,Male,76521,29,Engineer,7,4
783,784,Female,117763,42,Artist,1,2
784,785,Female,115184,93,Homemaker,1,4
785,786,Male,54251,7,Artist,2,6
786,787,Female,112530,24,Entertainment,2,6
787,788,Male,107409,2,Artist,1,6
788,789,Female,84793,23,Homemaker,9,6
789,790,Female,66952,79,Entertainment,1,2
790,791,Female,153465,11,Lawyer,1,4
791,792,Female,178214,17,Artist,1,7
792,793,Male,152069,42,Entertainment,4,4
793,794,Female,132860,17,Healthcare,7,2
794,795,Female,147719,86,Lawyer,1,7
795,796,Female,172915,29,Doctor,9,1
796,797,Female,148594,29,Entertainment,3,5
797,798,Male,61986,77,Executive,0,1
798,799,Male,91456,13,Artist,1,4
799,800,Male,166247,84,Executive,1,2
800,801,Female,140516,50,Artist,0,3
802,803,Female,133822,78,Marketing,0,4
803,804,Female,175424,32,Artist,4,5
804,805,Female,121528,92,Healthcare,8,4
805,806,Female,189369,69,Healthcare,0,3
806,807,Female,80808,26,Artist,1,1
807,808,Male,57535,84,Entertainment,1,7
808,809,Female,163509,51,Healthcare,0,4
809,810,Female,75884,57,Executive,0,7
810,811,Female,157759,52,Artist,1,6
811,812,Female,184813,44,Executive,0,2
812,813,Male,187253,51,Executive,8,7
813,814,Male,81718,36,Entertainment,1,3
814,815,Male,150019,37,Doctor,1,2
815,816,Female,53452,73,Entertainment,1,6
816,817,Male,150765,42,Homemaker,8,2
818,819,Female,56647,12,Doctor,6,4
819,820,Female,117477,48,Healthcare,6,7
820,821,Female,79677,9,Artist,10,7
821,822,Female,116759,28,Marketing,7,3
822,823,Male,180702,21,Entertainment,6,1
823,824,Female,122698,100,Entertainment,8,1
824,825,Female,169346,55,Healthcare,7,2
825,826,Female,93176,25,Artist,4,1
826,827,Female,75853,40,Homemaker,4,5
827,828,Male,119362,58,Engineer,8,1
828,829,Male,81545,36,Artist,4,7
829,830,Male,67372,75,Artist,0,7
830,831,Female,109703,61,Executive,1,1
831,832,Male,166697,39,Marketing,13,4
832,833,Female,124982,34,Engineer,1,7
833,834,Female,146776,83,Lawyer,1,7
834,835,Female,147548,45,Executive,4,5
835,836,Female,117620,60,Healthcare,7,6
836,837,Male,85351,57,Healthcare,0,2
837,838,Male,174432,8,Artist,0,7
838,839,Male,70787,68,Doctor,1,3
839,840,Female,75473,63,Healthcare,0,7
840,841,Male,90082,49,Healthcare,1,6
841,842,Female,185388,54,Healthcare,0,2
842,843,Female,168110,69,Doctor,14,6
843,844,Female,184628,38,Artist,12,2
844,845,Female,176551,45,Healthcare,8,1
845,846,Female,76422,21,Healthcare,9,7
846,847,Male,164248,51,Entertainment,9,3
847,848,Female,109188,38,Lawyer,5,7
848,849,Female,132951,26,Healthcare,4,1
849,850,Female,164598,32,Healthcare,8,1
851,852,Female,111859,86,Healthcare,6,1
852,853,Female,121926,41,Lawyer,7,1
853,854,Female,143047,42,Executive,1,3
854,855,Female,131748,23,Artist,1,3
855,856,Male,142801,23,Lawyer,0,1
856,857,Male,142723,46,Engineer,0,6
857,858,Male,155151,16,Marketing,14,3
858,859,Female,153607,48,Healthcare,1,4
859,860,Male,144192,34,Healthcare,0,3
860,861,Female,174159,22,Lawyer,4,4
861,862,Female,73642,50,Marketing,0,3
862,863,Female,170319,46,Artist,8,7
863,864,Female,141351,10,Engineer,0,2
864,865,Female,167411,9,Marketing,12,5
865,866,Male,58289,49,Artist,5,6
866,867,Female,79801,77,Doctor,0,2
867,868,Female,146118,52,Marketing,8,7
868,869,Female,57337,14,Healthcare,1,4
869,870,Female,113575,6,Entertainment,1,2
870,871,Male,122658,65,Engineer,6,2
871,872,Female,151836,13,Artist,0,6
872,873,Female,185900,80,Homemaker,9,4
873,874,Female,94029,98,Healthcare,1,4
874,875,Female,157290,22,Artist,2,2
875,876,Male,175996,42,Entertainment,10,4
876,877,Male,102016,37,Artist,0,4
877,878,Male,77902,67,Artist,1,2
878,879,Female,81138,86,Healthcare,9,7
879,880,Male,128258,48,Executive,0,2
880,881,Female,62475,24,Artist,6,4
881,882,Female,82854,75,Artist,6,4
882,883,Female,59284,38,Doctor,7,7
883,884,Female,141580,92,Healthcare,0,4
884,885,Female,171362,90,Executive,6,4
885,886,Male,78274,65,Artist,9,2
886,887,Female,76646,61,Artist,0,1
887,888,Female,78308,66,Executive,5,2
888,889,Female,78971,89,Engineer,1,2
889,890,Female,65528,73,Marketing,1,5
890,891,Male,94199,71,Artist,5,7
891,892,Female,135705,48,Engineer,8,7
892,893,Male,130573,31,Entertainment,8,3
893,894,Female,152303,68,Artist,1,5
894,895,Female,144582,89,Doctor,1,1
895,896,Female,93288,60,Artist,10,6
896,897,Female,88192,3,Marketing,10,2
897,898,Male,62362,81,Lawyer,7,3
898,899,Male,74350,39,Lawyer,10,1
899,900,Male,144103,42,Healthcare,8,7
900,901,Male,75518,17,Lawyer,7,3
901,902,Male,160980,62,Doctor,4,2
902,903,Female,102904,28,Artist,7,6
904,905,Female,157661,57,Healthcare,6,6
905,906,Female,118385,8,Healthcare,10,3
906,907,Female,116463,100,Artist,8,4
907,908,Female,161212,14,Artist,9,6
908,909,Male,172601,50,Marketing,4,6
909,910,Female,167214,94,Homemaker,8,7
910,911,Male,69644,19,Artist,5,1
911,912,Female,120215,46,Homemaker,7,2
912,913,Female,180401,23,Engineer,7,6
913,914,Female,113739,93,Artist,5,7
914,915,Male,111717,41,Healthcare,1,2
915,916,Male,62808,20,Engineer,0,4
916,917,Female,67582,13,Artist,1,3
917,918,Male,96543,60,Artist,9,1
918,919,Male,89667,69,Artist,0,2
919,920,Female,98980,65,Engineer,0,1
920,921,Male,124998,17,Lawyer,1,3
921,922,Male,189091,12,Artist,0,6
922,923,Female,153842,3,Artist,1,3
923,924,Male,106314,16,Artist,0,7
924,925,Female,62901,60,Artist,8,5
925,926,Male,149618,78,Healthcare,4,6
926,927,Female,72068,97,Healthcare,0,6
928,929,Female,118575,10,Entertainment,1,3
929,930,Female,82382,97,Executive,1,3
930,931,Male,114776,55,Entertainment,10,3
931,932,Female,145597,81,Artist,1,6
932,933,Male,162072,86,Engineer,1,1
933,934,Male,172872,11,Healthcare,0,7
934,935,Female,182162,6,Artist,1,3
935,936,Female,71467,81,Artist,5,7
936,937,Female,85568,1,Healthcare,0,6
937,938,Female,56851,72,Entertainment,6,3
938,939,Female,116782,73,Artist,9,5
939,940,Female,67781,1,Entertainment,4,4
940,941,Female,70152,29,Healthcare,0,2
941,942,Male,185861,82,Artist,3,6
942,943,Male,162595,17,Artist,3,3
943,944,Female,80098,54,Lawyer,10,6
944,945,Female,184801,8,Lawyer,1,1
945,946,Female,58908,37,Artist,6,6
946,947,Female,146011,69,Marketing,9,5
947,948,Female,135174,39,Artist,9,4
948,949,Female,114244,64,Artist,0,1
949,950,Female,157207,52,Healthcare,0,4
950,951,Female,128834,23,Entertainment,5,4
951,952,Male,51166,24,Entertainment,0,7
952,953,Female,130118,36,Artist,0,4
953,954,Male,87014,71,Doctor,11,4
954,955,Female,111379,93,Artist,0,2
955,956,Male,83704,82,Entertainment,1,1
956,957,Female,90558,49,Healthcare,8,2
957,958,Male,187343,14,Healthcare,6,3
958,959,Female,111174,48,Entertainment,9,6
959,960,Male,64461,63,Engineer,4,4
960,961,Male,109618,97,Artist,7,3
961,962,Male,189357,4,Lawyer,7,1
962,963,Female,120955,79,Artist,6,1
963,964,Female,168898,54,Homemaker,8,7
964,965,Male,130431,52,Healthcare,6,3
965,966,Male,161091,56,Engineer,9,1
966,967,Female,69988,2,Homemaker,5,4
967,968,Female,169702,98,Doctor,5,1
968,969,Male,186897,49,Healthcare,1,7
969,970,Female,109061,41,Engineer,6,1
970,971,Male,188620,30,Artist,3,6
971,972,Female,108675,57,Artist,4,5
972,973,Female,177601,34,Entertainment,0,2
973,974,Female,87365,3,Marketing,1,2
974,975,Male,95929,23,Engineer,0,2
975,976,Male,97185,87,Entertainment,0,5
976,977,Female,103838,17,Artist,1,2
977,978,Male,129260,11,Doctor,1,3
978,979,Female,151184,19,Artist,1,4
979,980,Female,177512,62,Engineer,2,3
980,981,Male,140099,51,Lawyer,0,7
981,982,Male,67535,97,Healthcare,7,6
982,983,Male,133236,61,Executive,1,6
983,984,Female,87975,5,Homemaker,9,7
984,985,Female,164350,23,Healthcare,0,5
985,986,Male,55109,53,Artist,8,3
986,987,Female,67613,40,Entertainment,1,2
987,988,Female,185306,47,Entertainment,0,2
988,989,Female,154787,84,Executive,3,5
989,990,Female,109759,96,Artist,9,3
990,991,Female,114571,51,Executive,1,3
991,992,Male,130697,93,Artist,1,2
992,993,Male,115916,24,Doctor,13,6
993,994,Female,69814,53,Artist,9,2
994,995,Female,118161,74,Engineer,0,4
995,996,Male,56583,65,Healthcare,2,3
996,997,Female,185843,36,Artist,4,3
997,998,Female,171825,22,Entertainment,10,4
998,999,Male,77976,95,Artist,11,3
999,1000,Male,66312,75,Entertainment,0,1
1000,1001,Female,81839,11,Entertainment,0,4
1001,1002,Female,55712,5,Artist,5,6
1002,1003,Male,158335,45,Healthcare,2,5
1003,1004,Male,74253,45,Lawyer,1,6
1004,1005,Male,119625,3,Healthcare,4,4
1005,1006,Female,129743,6,Artist,0,2
1006,1007,Female,101007,60,Lawyer,0,6
1007,1008,Male,87529,49,Artist,9,7
1008,1009,Male,151648,98,Healthcare,8,6
1010,1011,Male,164659,59,Entertainment,1,6
1011,1012,Female,125623,62,Executive,0,4
1012,1013,Female,104054,22,Artist,8,4
1013,1014,Male,83535,56,Artist,1,5
1014,1015,Female,166245,13,Executive,7,3
1015,1016,Female,100890,60,Entertainment,4,4
1016,1017,Female,55972,83,Entertainment,1,7
1017,1018,Female,134282,39,Artist,2,5
1018,1019,Female,106669,22,Lawyer,1,7
1019,1020,Female,145777,94,Executive,1,5
1020,1021,Male,119259,91,Healthcare,1,5
1021,1022,Female,150174,59,Artist,2,2
1022,1023,Female,55472,51,Healthcare,1,3
1023,1024,Male,99423,82,Healthcare,0,5
1024,1025,Female,146221,25,Marketing,0,3
1025,1026,Female,84238,31,Artist,1,2
1026,1027,Male,57032,75,Entertainment,1,5
1027,1028,Male,88811,52,Engineer,0,4
1028,1029,Male,167420,38,Artist,5,2
1029,1030,Male,101846,17,Doctor,3,2
1030,1031,Male,114061,87,Artist,2,5
1031,1032,Male,147449,16,Artist,1,5
1032,1033,Female,83043,76,Executive,0,1
1033,1034,Female,168990,81,Doctor,9,5
1034,1035,Male,73867,65,Healthcare,4,5
1035,1036,Female,165772,51,Healthcare,1,4
1036,1037,Female,178217,38,Marketing,0,3
1037,1038,Male,162612,98,Engineer,1,6
1038,1039,Male,99872,53,Entertainment,11,3
1039,1040,Female,142566,77,Artist,1,7
1040,1041,Female,111424,80,Entertainment,8,5
1041,1042,Male,187841,38,Artist,1,4
1042,1043,Female,171921,50,Artist,1,6
1043,1044,Female,115299,87,Artist,6,3
1044,1045,Male,94129,27,Healthcare,6,7
1045,1046,Male,172378,39,Entertainment,5,6
1046,1047,Male,146597,31,Engineer,1,4
1047,1048,Female,64057,44,Doctor,0,3
1048,1049,Female,163585,49,Artist,9,5
1049,1050,Male,93186,83,Entertainment,1,3
1050,1051,Male,149764,1,Entertainment,0,6
1051,1052,Male,116822,84,Doctor,1,3
1052,1053,Female,109346,37,Entertainment,1,2
1053,1054,Female,111587,99,Artist,7,4
1054,1055,Female,166644,66,Artist,8,6
1055,1056,Female,181270,56,Artist,1,1
1056,1057,Male,65207,81,Healthcare,1,2
1057,1058,Female,112146,21,Homemaker,8,4
1058,1059,Male,104953,57,Doctor,1,6
1059,1060,Female,139009,24,Artist,0,4
1060,1061,Female,67916,82,Healthcare,0,6
1061,1062,Female,99983,88,Executive,0,1
1062,1063,Male,131122,40,Artist,9,6
1063,1064,Female,173190,37,Doctor,9,4
1064,1065,Male,122712,21,Marketing,1,1
1065,1066,Female,55792,30,Artist,1,6
1066,1067,Male,73892,45,Doctor,1,4
1068,1069,Female,152475,12,Artist,0,7
1069,1070,Male,152226,87,Artist,4,4
1070,1071,Male,117679,18,Entertainment,1,3
1071,1072,Male,146473,87,Artist,1,4
1072,1073,Male,66051,75,Healthcare,1,7
1073,1074,Male,162332,72,Entertainment,1,5
1074,1075,Female,166018,71,Doctor,0,3
1075,1076,Female,67398,81,Entertainment,2,5
1076,1077,Male,73760,70,Entertainment,1,6
1077,1078,Male,167578,66,Entertainment,0,1
1078,1079,Male,130267,45,Engineer,8,4
1079,1080,Male,94846,95,Engineer,0,5
1080,1081,Female,155396,1,Engineer,9,5
1081,1082,Female,138013,16,Artist,8,7
1082,1083,Male,148286,77,Entertainment,0,4
1083,1084,Female,101031,28,Artist,1,1
1084,1085,Female,52884,24,Lawyer,1,1
1085,1086,Male,153230,15,Healthcare,8,1
1086,1087,Female,63261,13,Engineer,1,7
1087,1088,Male,90167,84,Engineer,0,3
1089,1090,Female,53622,27,Artist,0,3
1090,1091,Female,172913,94,Executive,3,4
1091,1092,Female,94316,86,Artist,0,6
1093,1094,Female,67874,55,Artist,0,2
1094,1095,Female,176554,62,Healthcare,1,2
1095,1096,Female,135341,56,Healthcare,10,2
1096,1097,Female,129019,57,Healthcare,0,3
1097,1098,Male,107879,3,Doctor,1,6
1098,1099,Male,79531,4,Artist,1,1
1099,1100,Male,63379,59,Artist,12,7
1100,1101,Female,156258,54,Entertainment,0,4
1101,1102,Male,67874,41,Entertainment,9,3
1102,1103,Female,159964,57,Engineer,5,6
1103,1104,Female,103706,50,Entertainment,1,2
1104,1105,Female,64713,84,Entertainment,2,7
1105,1106,Female,90414,55,Artist,1,5
1106,1107,Female,171100,34,Executive,0,5
1107,1108,Male,187305,85,Engineer,6,7
1108,1109,Female,139758,46,Lawyer,0,6
1109,1110,Female,91226,56,Healthcare,0,5
1110,1111,Female,143928,30,Engineer,9,7
1111,1112,Female,92366,14,Healthcare,0,6
1112,1113,Male,175041,25,Artist,4,1
1113,1114,Male,147301,93,Lawyer,1,5
1114,1115,Male,119296,49,Engineer,0,7
1115,1116,Female,126306,44,Artist,0,1
1116,1117,Male,100647,49,Executive,1,3
1117,1118,Female,168663,16,Engineer,11,5
1118,1119,Female,105391,42,Executive,1,7
1119,1120,Female,175179,43,Executive,9,4
1120,1121,Female,165019,12,Entertainment,1,2
1121,1122,Female,68212,26,Healthcare,7,4
1122,1123,Male,64572,71,Artist,1,2
1123,1124,Female,92591,99,Artist,8,2
1124,1125,Female,69730,97,Artist,1,4
1125,1126,Female,156793,57,Marketing,2,4
1126,1127,Female,56848,41,Artist,5,1
1127,1128,Male,148450,55,Healthcare,0,6
1128,1129,Male,150619,32,Artist,10,6
1129,1130,Male,100261,10,Artist,1,6
1130,1131,Female,109895,56,Healthcare,5,2
1131,1132,Male,152684,24,Lawyer,0,3
1132,1133,Female,133765,83,Artist,1,3
1133,1134,Female,57677,99,Lawyer,0,5
1134,1135,Female,112358,27,Artist,0,6
1135,1136,Female,73845,52,Artist,1,7
1136,1137,Male,89531,42,Healthcare,6,2
1137,1138,Male,118092,100,Entertainment,7,3
1138,1139,Male,144242,49,Entertainment,1,4
1139,1140,Female,140876,90,Entertainment,0,4
1140,1141,Male,76888,26,Marketing,0,1
1141,1142,Female,116644,88,Artist,6,3
1142,1143,Female,143021,3,Executive,5,4
1143,1144,Female,145679,91,Lawyer,9,6
1144,1145,Female,64398,7,Lawyer,1,6
1145,1146,Female,104512,40,Marketing,9,3
1146,1147,Male,71564,68,Artist,1,5
1147,1148,Female,122707,64,Homemaker,2,3
1148,1149,Female,51733,96,Healthcare,0,5
1149,1150,Female,138087,63,Marketing,1,7
1150,1151,Male,147278,51,Lawyer,0,4
1151,1152,Female,187339,62,Healthcare,0,6
1152,1153,Female,129972,97,Executive,1,6
1153,1154,Female,151176,55,Healthcare,1,2
1154,1155,Female,74358,60,Artist,0,6
1155,1156,Male,83953,82,Healthcare,0,3
1156,1157,Male,62925,24,Engineer,1,6
1157,1158,Male,65257,93,Doctor,2,3
1158,1159,Female,188557,4,Healthcare,9,2
1159,1160,Male,163783,84,Healthcare,3,1
1160,1161,Female,108342,97,Doctor,0,3
1161,1162,Female,155951,21,Healthcare,7,4
1162,1163,Female,183071,29,Artist,7,4
1163,1164,Female,124104,20,Healthcare,4,6
1164,1165,Female,136747,3,Healthcare,1,1
1165,1166,Male,189498,18,Artist,4,1
1166,1167,Female,76149,48,Artist,9,6
1167,1168,Female,185550,54,Artist,0,1
1168,1169,Female,119567,19,Artist,5,2
1169,1170,Female,79806,30,Engineer,1,6
1170,1171,Male,180774,66,Entertainment,1,5
1171,1172,Female,90142,50,Lawyer,1,2
1172,1173,Female,184481,84,Executive,0,2
1173,1174,Female,66089,75,Artist,6,3
1174,1175,Female,60044,83,Artist,4,1
1175,1176,Male,52543,23,Executive,0,6
1176,1177,Male,50429,23,Artist,0,1
1177,1178,Male,178228,45,Engineer,1,2
1178,1179,Female,161130,98,Artist,8,3
1179,1180,Male,87976,38,Lawyer,1,6
1180,1181,Female,179150,91,Artist,5,2
1181,1182,Female,163442,32,Executive,1,6
1182,1183,Female,108159,18,Entertainment,8,7
1183,1184,Female,73419,14,Healthcare,0,1
1184,1185,Female,138425,78,Doctor,11,6
1185,1186,Male,54431,93,Healthcare,1,7
1186,1187,Female,168437,81,Artist,2,2
1187,1188,Female,71322,54,Entertainment,1,6
1189,1190,Female,141428,32,Entertainment,1,5
1190,1191,Male,142214,32,Artist,7,4
1191,1192,Female,62590,43,Artist,9,6
1192,1193,Male,172523,83,Artist,6,2
1193,1194,Female,157588,76,Executive,2,6
1194,1195,Female,143313,57,Doctor,4,7
1195,1196,Female,119833,38,Doctor,1,2
1196,1197,Female,70803,35,Entertainment,0,5
1197,1198,Male,139008,47,Artist,1,4
1198,1199,Male,126669,53,Artist,1,6
1199,1200,Male,122722,10,Executive,9,4
1200,1201,Male,79800,47,Artist,0,1
1201,1202,Male,100155,5,Healthcare,6,1
1202,1203,Female,110846,49,Artist,0,2
1203,1204,Female,106841,69,Entertainment,0,3
1204,1205,Female,117181,66,Doctor,12,5
1205,1206,Female,86898,76,Healthcare,0,6
1206,1207,Female,143241,81,Executive,4,7
1207,1208,Female,146028,33,Healthcare,0,5
1208,1209,Male,165287,65,Doctor,1,3
1209,1210,Female,132486,9,Artist,1,2
1210,1211,Male,96424,74,Artist,8,5
1211,1212,Female,151468,41,Artist,1,5
1212,1213,Female,76561,79,Healthcare,0,1
1213,1214,Female,125316,81,Lawyer,0,6
1214,1215,Male,109373,22,Entertainment,4,2
1215,1216,Male,135042,12,Artist,0,7
1216,1217,Female,59784,81,Artist,3,3
1217,1218,Male,140687,63,Artist,1,2
1218,1219,Male,182927,55,Healthcare,1,1
1219,1220,Female,175534,44,Artist,1,6
1220,1221,Male,170957,6,Lawyer,1,3
1221,1222,Male,81197,76,Artist,0,4
1222,1223,Female,104888,8,Healthcare,0,4
1224,1225,Female,139588,66,Executive,0,2
1225,1226,Male,126543,45,Homemaker,0,3
1226,1227,Female,177260,45,Entertainment,14,2
1227,1228,Male,156823,42,Healthcare,9,5
1228,1229,Female,183201,52,Engineer,8,6
1229,1230,Female,84925,46,Artist,4,6
1230,1231,Male,69719,47,Artist,9,2
1231,1232,Female,61355,13,Healthcare,1,3
1232,1233,Male,156014,49,Doctor,14,5
1233,1234,Male,184088,21,Entertainment,11,7
1234,1235,Female,158372,98,Artist,1,1
1235,1236,Female,135742,67,Healthcare,1,7
1236,1237,Female,145704,82,Marketing,0,4
1237,1238,Female,157307,23,Executive,4,3
1238,1239,Female,88064,73,Executive,1,5
1239,1240,Female,167226,59,Homemaker,3,1
1240,1241,Female,153821,8,Marketing,1,4
1241,1242,Male,170669,78,Doctor,9,5
1242,1243,Male,93555,13,Artist,3,3
1243,1244,Female,101941,18,Healthcare,1,3
1244,1245,Female,78795,44,Engineer,0,6
1245,1246,Female,55875,94,Engineer,0,5
1246,1247,Female,177513,81,Lawyer,1,5
1247,1248,Female,100850,83,Doctor,0,3
1248,1249,Female,143082,63,Entertainment,0,7
1249,1250,Female,85447,4,Artist,9,6
1250,1251,Female,114213,33,Doctor,9,4
1251,1252,Male,161120,69,Executive,0,1
1252,1253,Female,186682,86,Entertainment,1,1
1253,1254,Male,105302,75,Doctor,0,3
1254,1255,Female,133400,47,Engineer,0,6
1255,1256,Male,56432,23,Engineer,0,5
1256,1257,Female,136467,72,Healthcare,3,3
1257,1258,Male,189945,20,Engineer,0,5
1258,1259,Female,163966,48,Lawyer,1,5
1259,1260,Male,52152,17,Artist,0,3
1260,1261,Male,145720,62,Homemaker,12,7
1261,1262,Male,188034,61,Healthcare,1,5
1262,1263,Female,127911,3,Homemaker,9,2
1263,1264,Female,174114,31,Lawyer,1,1
1264,1265,Male,144489,10,Artist,14,3
1265,1266,Male,77440,47,Lawyer,0,5
1266,1267,Female,86119,44,Artist,1,6
1267,1268,Female,100056,49,Entertainment,1,3
1268,1269,Male,66686,50,Artist,8,7
1269,1270,Female,74696,41,Doctor,1,6
1270,1271,Male,65641,50,Entertainment,4,5
1271,1272,Female,61228,81,Entertainment,1,6
1272,1273,Female,138529,87,Healthcare,0,4
1273,1274,Female,152405,4,Artist,1,4
1274,1275,Male,157757,84,Doctor,0,4
1275,1276,Male,166361,59,Engineer,6,4
1276,1277,Female,67227,30,Artist,1,7
1277,1278,Male,161156,88,Engineer,0,4
1278,1279,Female,170647,70,Healthcare,1,7
1279,1280,Female,161646,36,Healthcare,0,2
1280,1281,Male,98016,18,Healthcare,9,6
1281,1282,Male,50526,19,Artist,0,6
1282,1283,Male,175208,43,Executive,8,4
1283,1284,Female,97721,48,Engineer,0,7
1284,1285,Female,142013,81,Entertainment,3,4
1285,1286,Male,166737,76,Artist,0,3
1286,1287,Female,62651,13,Entertainment,0,2
1287,1288,Female,179546,4,Homemaker,8,4
1288,1289,Female,51866,81,Artist,12,7
1289,1290,Female,86297,42,Executive,9,4
1290,1291,Female,65031,23,Artist,0,4
1291,1292,Male,69383,25,Entertainment,0,2
1292,1293,Male,70733,63,Artist,5,3
1293,1294,Female,187898,89,Artist,6,2
1294,1295,Female,116001,55,Engineer,1,4
1295,1296,Male,87040,4,Artist,9,1
1296,1297,Female,180956,74,Artist,2,2
1297,1298,Female,115517,82,Healthcare,0,6
1298,1299,Male,76979,46,Lawyer,1,3
1299,1300,Male,50798,56,Artist,10,5
1300,1301,Female,146350,43,Artist,1,3
1301,1302,Female,81112,61,Healthcare,5,3
1302,1303,Male,80605,20,Doctor,1,6
1303,1304,Male,171949,11,Doctor,1,6
1304,1305,Male,159006,26,Artist,8,6
1305,1306,Female,177368,96,Healthcare,1,2
1306,1307,Female,187643,3,Artist,1,1
1307,1308,Male,93841,25,Lawyer,0,7
1308,1309,Male,131061,92,Healthcare,0,7
1309,1310,Male,146130,20,Entertainment,6,6
1310,1311,Male,84471,79,Doctor,1,5
1311,1312,Female,144485,15,Entertainment,0,4
1312,1313,Female,158638,78,Healthcare,2,5
1313,1314,Male,96693,28,Entertainment,0,4
1314,1315,Female,129507,93,Healthcare,4,7
1315,1316,Female,114510,39,Healthcare,0,4
1317,1318,Female,149031,96,Artist,10,5
1318,1319,Female,66256,13,Lawyer,1,2
1319,1320,Female,118285,69,Doctor,8,4
1320,1321,Male,128723,58,Artist,4,5
1321,1322,Female,178285,91,Artist,4,7
1322,1323,Female,144176,74,Marketing,7,2
1323,1324,Male,82474,31,Artist,9,3
1324,1325,Female,159010,84,Lawyer,6,2
1325,1326,Female,76164,83,Artist,6,2
1326,1327,Male,77873,49,Executive,6,5
1327,1328,Male,53392,89,Artist,6,4
1328,1329,Male,168898,41,Artist,9,7
1329,1330,Male,128917,7,Homemaker,5,5
1330,1331,Male,185067,49,Lawyer,5,4
1331,1332,Male,132183,76,Artist,10,3
1332,1333,Female,82060,46,Healthcare,7,1
1333,1334,Female,133614,58,Artist,7,4
1335,1336,Female,76474,5,Doctor,5,5
1336,1337,Female,94655,9,Healthcare,8,1
1337,1338,Male,60933,30,Doctor,8,1
1338,1339,Male,79257,82,Healthcare,6,2
1339,1340,Female,125677,36,Entertainment,5,2
1340,1341,Female,127971,56,Artist,1,5
1341,1342,Male,76103,62,Executive,9,3
1342,1343,Female,114741,96,Artist,0,5
1343,1344,Female,157994,92,Artist,1,1
1344,1345,Male,93786,44,Entertainment,3,1
1345,1346,Male,75178,41,Entertainment,1,7
1346,1347,Male,175267,81,Healthcare,1,4
1347,1348,Female,99263,100,Healthcare,8,1
1348,1349,Female,52590,3,Healthcare,0,4
1349,1350,Male,170959,75,Artist,0,4
1350,1351,Male,135076,60,Engineer,1,5
1351,1352,Male,167112,34,Lawyer,0,1
1352,1353,Female,184639,12,Doctor,1,6
1353,1354,Female,172369,80,Artist,6,6
1354,1355,Female,124256,67,Marketing,1,7
1355,1356,Female,89972,92,Artist,10,6
1356,1357,Male,67799,42,Entertainment,1,6
1357,1358,Female,176074,70,Doctor,1,7
1358,1359,Male,167517,27,Artist,2,7
1359,1360,Female,77914,11,Artist,1,6
1360,1361,Female,57605,81,Doctor,0,2
1361,1362,Female,86365,70,Engineer,1,7
1362,1363,Male,93883,39,Healthcare,1,2
1363,1364,Female,131091,62,Artist,4,1
1364,1365,Male,87222,14,Healthcare,8,4
1365,1366,Female,117076,45,Doctor,1,2
1366,1367,Male,150925,1,Healthcare,1,2
1367,1368,Female,149379,100,Lawyer,0,3
1368,1369,Female,138644,94,Engineer,4,3
1369,1370,Male,148493,42,Doctor,4,7
1370,1371,Male,84658,66,Lawyer,4,6
1371,1372,Male,111618,99,Lawyer,6,5
1372,1373,Male,108759,60,Artist,7,6
1373,1374,Male,186203,73,Artist,10,5
1374,1375,Female,147258,59,Lawyer,10,2
1375,1376,Female,132983,67,Healthcare,7,7
1376,1377,Male,149092,39,Engineer,8,1
1377,1378,Male,163845,84,Doctor,5,7
1378,1379,Male,117777,67,Artist,5,5
1379,1380,Male,131584,18,Artist,7,3
1380,1381,Female,123904,91,Artist,7,5
1381,1382,Female,89801,88,Artist,5,4
1382,1383,Male,173466,57,Entertainment,10,5
1383,1384,Female,55690,4,Marketing,4,6
1385,1386,Male,100419,19,Artist,5,4
1386,1387,Female,62951,47,Lawyer,8,2
1387,1388,Male,118554,1,Lawyer,4,6
1388,1389,Female,140673,49,Artist,6,7
1389,1390,Female,75561,87,Healthcare,5,3
1390,1391,Female,147306,50,Healthcare,6,6
1391,1392,Female,111871,30,Doctor,10,1
1392,1393,Male,112884,43,Healthcare,0,6
1393,1394,Female,121267,58,Engineer,1,1
1394,1395,Female,151519,93,Artist,7,2
1395,1396,Female,105448,40,Artist,0,5
1396,1397,Female,92048,91,Healthcare,1,1
1397,1398,Male,99980,94,Healthcare,10,1
1398,1399,Male,84003,68,Artist,9,6
1399,1400,Male,110889,95,Executive,1,2
1400,1401,Female,82478,95,Executive,10,1
1401,1402,Male,139685,20,Healthcare,1,4
1402,1403,Female,182374,62,Entertainment,0,6
1403,1404,Female,119366,94,Engineer,4,2
1404,1405,Female,53788,57,Doctor,0,2
1405,1406,Female,90341,92,Doctor,0,2
1406,1407,Female,118348,94,Engineer,1,7
1407,1408,Male,137428,87,Artist,0,2
1408,1409,Female,106982,53,Entertainment,1,7
1409,1410,Female,98532,52,Doctor,0,6
1410,1411,Female,120825,24,Executive,9,7
1411,1412,Female,58006,83,Executive,1,5
1412,1413,Male,106941,73,Artist,1,1
1413,1414,Male,129782,31,Entertainment,1,2
1414,1415,Male,121513,90,Engineer,0,6
1415,1416,Female,79925,30,Healthcare,0,3
1416,1417,Male,112089,74,Healthcare,7,7
1418,1419,Female,146794,90,Healthcare,8,3
1419,1420,Female,75033,30,Engineer,5,5
1420,1421,Female,149969,78,Executive,0,6
1421,1422,Female,124852,39,Healthcare,5,5
1422,1423,Male,154837,42,Executive,8,4
1423,1424,Female,145678,55,Executive,0,1
1424,1425,Female,137354,89,Artist,8,7
1425,1426,Female,136660,48,Entertainment,1,3
1426,1427,Female,63334,99,Artist,0,6
1427,1428,Male,62893,29,Executive,1,5
1428,1429,Male,163514,89,Doctor,9,2
1429,1430,Male,145934,40,Marketing,10,2
1430,1431,Female,119223,58,Lawyer,10,7
1431,1432,Male,127479,18,Doctor,10,2
1432,1433,Female,136146,98,Artist,6,6
1433,1434,Female,76001,46,Artist,7,3
1434,1435,Female,84885,24,Healthcare,6,2
1435,1436,Female,82812,1,Artist,6,2
1436,1437,Male,51260,43,Entertainment,5,5
1437,1438,Male,159572,42,Healthcare,5,5
1438,1439,Male,130186,88,Artist,9,7
1439,1440,Female,176954,57,Artist,5,6
1440,1441,Male,85908,99,Artist,5,4
1441,1442,Female,75831,5,Healthcare,10,7
1442,1443,Female,123045,56,Engineer,7,3
1443,1444,Female,161211,10,Lawyer,9,1
1444,1445,Female,81702,27,Marketing,6,4
1445,1446,Female,173043,3,Artist,8,6
1446,1447,Male,126380,90,Artist,6,1
1447,1448,Female,128205,27,Healthcare,6,5
1448,1449,Female,181355,73,Artist,10,3
1449,1450,Female,97931,70,Healthcare,9,7
1450,1451,Male,146432,25,Artist,6,1
1451,1452,Female,125731,41,Artist,6,4
1452,1453,Female,132701,70,Healthcare,5,2
1453,1454,Female,116095,8,Artist,5,1
1454,1455,Female,135773,42,Artist,9,5
1455,1456,Male,136417,45,Healthcare,9,6
1456,1457,Male,80783,82,Artist,9,3
1457,1458,Male,182580,60,Executive,6,6
1458,1459,Female,143567,48,Artist,7,2
1459,1460,Male,85908,85,Entertainment,5,4
1460,1461,Female,139806,99,Entertainment,4,4
1461,1462,Female,77269,24,Artist,8,1
1462,1463,Female,105968,65,Engineer,4,5
1463,1464,Female,125660,19,Engineer,10,4
1464,1465,Female,98444,76,Entertainment,7,4
1465,1466,Male,179503,9,Artist,4,3
1466,1467,Female,60575,14,Engineer,5,2
1467,1468,Female,75685,19,Marketing,7,3
1468,1469,Female,85374,45,Artist,8,5
1469,1470,Female,128642,19,Marketing,5,6
1470,1471,Male,182292,78,Artist,7,5
1471,1472,Female,124702,94,Artist,10,3
1472,1473,Female,127833,2,Artist,7,7
1473,1474,Female,178866,97,Artist,8,4
1474,1475,Female,183643,51,Artist,5,5
1475,1476,Male,113306,4,Executive,5,6
1476,1477,Male,84008,77,Artist,8,4
1477,1478,Male,85758,35,Lawyer,10,4
1478,1479,Female,63128,45,Engineer,8,7
1479,1480,Male,70174,6,Executive,10,6
1480,1481,Female,170133,42,Engineer,5,5
1481,1482,Female,165978,42,Artist,7,3
1482,1483,Female,149727,78,Artist,7,3
1484,1485,Female,113389,79,Doctor,4,6
1485,1486,Male,111690,73,Entertainment,10,4
1486,1487,Female,184830,60,Doctor,9,3
1487,1488,Female,91549,23,Artist,4,3
1488,1489,Female,94629,17,Marketing,6,3
1489,1490,Female,167558,99,Artist,4,7
1490,1491,Male,119189,57,Artist,9,3
1491,1492,Female,96207,67,Artist,5,5
1492,1493,Male,85339,6,Doctor,4,7
1493,1494,Female,111942,7,Artist,5,5
1494,1495,Female,157003,45,Engineer,5,4
1495,1496,Female,117123,23,Artist,9,7
1496,1497,Female,172747,76,Artist,7,2
1497,1498,Male,157358,52,Healthcare,7,4
1498,1499,Male,156655,20,Entertainment,4,5
1499,1500,Male,166043,93,Doctor,7,6
1500,1501,Male,67768,15,Doctor,10,6
1501,1502,Male,171353,34,Doctor,8,4
1502,1503,Female,116971,76,Executive,7,5
1503,1504,Female,97822,38,Doctor,5,3
1504,1505,Female,117203,83,Healthcare,10,3
1505,1506,Female,88720,100,Artist,10,1
1507,1508,Female,139447,36,Artist,8,7
1508,1509,Male,179269,93,Entertainment,6,3
1509,1510,Female,136254,90,Engineer,5,6
1510,1511,Male,174594,56,Executive,8,2
1511,1512,Female,100429,19,Entertainment,9,1
1512,1513,Female,73107,48,Artist,9,1
1513,1514,Female,98344,25,Artist,6,6
1514,1515,Male,163509,21,Healthcare,10,1
1515,1516,Male,116204,16,Engineer,8,2
1516,1517,Female,95853,53,Healthcare,9,1
1517,1518,Male,156411,70,Artist,6,5
1518,1519,Male,72889,36,Homemaker,5,7
1519,1520,Female,106691,79,Healthcare,9,3
1520,1521,Male,144832,42,Artist,5,3
1521,1522,Male,132297,53,Entertainment,8,1
1522,1523,Female,170345,3,Executive,9,5
1523,1524,Male,157383,13,Lawyer,8,2
1524,1525,Female,150782,18,Executive,8,2
1525,1526,Male,143987,87,Healthcare,10,5
1526,1527,Female,129659,59,Entertainment,6,7
1527,1528,Male,104826,36,Healthcare,5,1
1528,1529,Female,181471,59,Healthcare,10,4
1529,1530,Female,152547,56,Artist,7,4
1530,1531,Male,85347,9,Doctor,1,1
1531,1532,Female,122828,32,Executive,0,5
1532,1533,Male,107794,17,Engineer,0,5
1533,1534,Male,152566,11,Entertainment,1,7
1534,1535,Female,91715,99,Entertainment,0,3
1535,1536,Female,99222,48,Artist,1,6
1536,1537,Female,70280,99,Engineer,0,4
1537,1538,Female,70030,86,Healthcare,1,2
1538,1539,Female,102083,24,Artist,1,1
1539,1540,Female,166163,87,Engineer,8,5
1540,1541,Female,182871,27,Engineer,8,6
1541,1542,Male,187545,61,Executive,4,6
1542,1543,Male,182910,86,Entertainment,0,1
1543,1544,Female,174530,30,Lawyer,1,6
1544,1545,Female,115438,37,Artist,0,6
1545,1546,Female,93964,80,Artist,4,2
1546,1547,Female,180341,75,Healthcare,1,3
1547,1548,Female,107323,1,Engineer,7,7
1548,1549,Female,119435,55,Entertainment,0,7
1549,1550,Female,68341,22,Artist,13,6
1550,1551,Female,95365,60,Artist,0,5
1551,1552,Male,131093,79,Lawyer,1,7
1552,1553,Female,100621,3,Healthcare,1,1
1553,1554,Male,116521,47,Doctor,0,2
1554,1555,Female,136316,88,Executive,0,3
1555,1556,Male,172039,51,Lawyer,0,6
1556,1557,Female,70844,22,Entertainment,0,3
1557,1558,Male,100964,96,Marketing,1,6
1558,1559,Female,128037,39,Entertainment,6,2
1559,1560,Male,97081,75,Marketing,1,3
1560,1561,Male,92247,47,Marketing,0,6
1561,1562,Male,129914,92,Artist,1,3
1562,1563,Female,94014,53,Engineer,9,5
1563,1564,Female,138864,93,Artist,0,5
1564,1565,Male,169299,46,Marketing,1,5
1565,1566,Male,119097,40,Healthcare,0,7
1566,1567,Female,68161,23,Doctor,1,2
1567,1568,Female,181108,32,Homemaker,1,1
1568,1569,Male,87764,59,Engineer,9,7
1569,1570,Female,102543,54,Artist,7,3
1570,1571,Male,139417,13,Artist,1,3
1571,1572,Female,81802,29,Homemaker,9,1
1572,1573,Female,102788,51,Artist,0,1
1573,1574,Female,163179,19,Healthcare,1,7
1574,1575,Male,71318,22,Healthcare,1,3
1575,1576,Male,63683,34,Healthcare,3,1
1576,1577,Female,189689,37,Healthcare,8,5
1577,1578,Male,121610,36,Artist,0,5
1578,1579,Female,150682,25,Artist,1,1
1579,1580,Female,124550,46,Marketing,0,3
1580,1581,Male,148875,99,Artist,0,4
1581,1582,Male,107117,44,Artist,1,3
1582,1583,Male,109223,43,Engineer,1,5
1583,1584,Female,120899,7,Marketing,2,6
1584,1585,Female,101948,31,Artist,0,5
1585,1586,Male,143169,58,Engineer,0,4
1586,1587,Female,167619,4,Healthcare,7,6
1587,1588,Female,181795,59,Healthcare,3,5
1588,1589,Female,186445,41,Engineer,0,1
1589,1590,Female,102205,24,Artist,1,1
1590,1591,Female,52326,69,Healthcare,0,2
1591,1592,Male,82992,5,Entertainment,1,5
1592,1593,Male,145520,55,Homemaker,1,7
1593,1594,Female,104820,96,Artist,2,4
1594,1595,Female,69025,79,Entertainment,0,2
1595,1596,Male,164976,89,Entertainment,0,4
1596,1597,Female,178576,51,Executive,5,5
1597,1598,Female,72415,52,Marketing,0,5
1598,1599,Male,112146,24,Entertainment,0,3
1599,1600,Male,144830,43,Artist,0,1
1600,1601,Female,51661,79,Entertainment,0,7
1601,1602,Female,152910,90,Artist,1,6
1602,1603,Male,114556,64,Entertainment,0,7
1603,1604,Male,143455,62,Healthcare,1,6
1604,1605,Male,173096,92,Healthcare,0,3
1605,1606,Female,121172,97,Healthcare,5,4
1606,1607,Female,56492,15,Homemaker,8,1
1607,1608,Male,156422,39,Entertainment,1,7
1608,1609,Male,131863,94,Artist,1,7
1609,1610,Male,118096,36,Lawyer,0,3
1610,1611,Male,149685,30,Executive,9,6
1611,1612,Female,89765,28,Artist,0,7
1612,1613,Female,177701,49,Entertainment,0,6
1613,1614,Male,64738,67,Artist,0,6
1614,1615,Female,92734,28,Lawyer,1,4
1615,1616,Female,146877,47,Healthcare,4,3
1616,1617,Female,62935,60,Artist,0,7
1617,1618,Female,67178,17,Entertainment,8,3
1618,1619,Female,115754,35,Engineer,1,3
1619,1620,Female,186470,21,Artist,0,7
1620,1621,Male,100939,34,Healthcare,7,6
1621,1622,Female,86172,55,Artist,4,4
1622,1623,Female,184222,17,Healthcare,0,2
1623,1624,Male,71543,1,Entertainment,1,4
1624,1625,Female,174836,63,Healthcare,0,4
1626,1627,Male,74407,100,Doctor,0,6
1627,1628,Male,130055,46,Healthcare,2,1
1628,1629,Male,88707,81,Healthcare,0,5
1629,1630,Male,162762,52,Healthcare,1,1
1630,1631,Male,154821,77,Doctor,0,2
1631,1632,Male,57248,66,Lawyer,5,5
1632,1633,Female,99902,54,Engineer,10,2
1633,1634,Female,165711,50,Artist,1,2
1635,1636,Female,93866,43,Entertainment,9,2
1636,1637,Female,141307,17,Healthcare,1,3
1637,1638,Male,172011,9,Doctor,1,5
1638,1639,Male,68138,18,Healthcare,2,7
1639,1640,Female,123246,100,Homemaker,8,6
1640,1641,Female,124194,32,Doctor,1,7
1641,1642,Male,188696,87,Homemaker,8,3
1642,1643,Female,91213,84,Lawyer,3,5
1643,1644,Female,166650,99,Healthcare,1,3
1644,1645,Male,52727,60,Artist,1,3
1645,1646,Male,126469,86,Entertainment,1,2
1646,1647,Male,138775,17,Executive,0,7
1647,1648,Female,68901,70,Doctor,7,7
1648,1649,Female,118621,7,Homemaker,0,7
1649,1650,Male,109263,77,Entertainment,0,1
1650,1651,Male,150012,83,Healthcare,3,6
1651,1652,Male,133850,85,Marketing,9,3
1652,1653,Female,81640,95,Entertainment,1,6
1653,1654,Female,133214,1,Marketing,9,7
1654,1655,Female,186723,42,Entertainment,8,5
1655,1656,Female,92100,23,Artist,9,3
1656,1657,Male,64484,10,Homemaker,0,5
1657,1658,Female,69024,3,Healthcare,4,5
1658,1659,Male,171194,55,Artist,0,5
1659,1660,Female,183282,34,Artist,1,1
1660,1661,Female,100099,74,Healthcare,1,3
1661,1662,Female,164435,26,Lawyer,1,3
1662,1663,Male,172407,60,Doctor,9,3
1663,1664,Female,84781,14,Executive,1,3
1664,1665,Male,186130,61,Lawyer,3,7
1665,1666,Female,56782,10,Artist,9,5
1666,1667,Male,137206,4,Artist,0,4
1667,1668,Female,146950,92,Doctor,6,5
1668,1669,Female,174275,4,Healthcare,0,2
1669,1670,Male,97705,41,Homemaker,8,2
1670,1671,Male,188984,69,Lawyer,1,4
1671,1672,Male,119238,55,Artist,1,3
1672,1673,Male,87923,19,Entertainment,0,5
1673,1674,Male,128573,97,Executive,1,1
1674,1675,Female,132374,96,Marketing,0,3
1675,1676,Female,135164,75,Artist,9,3
1676,1677,Male,165194,10,Artist,8,3
1677,1678,Male,126060,92,Doctor,1,3
1678,1679,Male,89366,55,Healthcare,9,3
1679,1680,Male,95172,77,Healthcare,1,5
1680,1681,Female,95975,49,Executive,0,1
1681,1682,Female,165573,59,Healthcare,0,7
1682,1683,Male,180887,59,Entertainment,1,1
1683,1684,Female,142720,86,Executive,0,1
1684,1685,Female,113460,54,Lawyer,1,7
1685,1686,Male,110434,20,Artist,7,3
1686,1687,Female,146016,38,Artist,1,6
1687,1688,Male,101073,67,Executive,0,7
1688,1689,Female,62617,10,Artist,9,3
1689,1690,Female,96028,37,Artist,0,5
1690,1691,Female,186334,37,Artist,0,1
1691,1692,Female,163473,52,Artist,0,1
1692,1693,Male,89819,59,Artist,4,2
1693,1694,Female,69388,33,Engineer,3,4
1694,1695,Female,134748,76,Marketing,1,6
1695,1696,Female,149915,94,Doctor,14,1
1696,1697,Female,104098,48,Healthcare,1,6
1697,1698,Male,80160,10,Artist,8,5
1698,1699,Male,124125,91,Artist,1,2
1699,1700,Male,170226,31,Lawyer,0,3
1700,1701,Female,53306,98,Engineer,0,2
1701,1702,Male,103933,31,Executive,6,3
1702,1703,Female,85401,10,Entertainment,4,6
1703,1704,Female,53812,32,Homemaker,9,5
1704,1705,Female,60771,50,Entertainment,1,7
1705,1706,Female,56398,75,Entertainment,8,3
1706,1707,Female,171118,91,Engineer,9,3
1707,1708,Male,79806,73,Healthcare,0,5
1708,1709,Female,150187,35,Healthcare,0,5
1709,1710,Female,129455,14,Lawyer,0,3
1710,1711,Female,116813,72,Entertainment,10,6
1711,1712,Female,95734,39,Homemaker,8,7
1712,1713,Male,76654,48,Artist,4,1
1713,1714,Male,86289,96,Artist,1,5
1714,1715,Male,176147,19,Healthcare,0,1
1715,1716,Female,142351,97,Entertainment,0,7
1716,1717,Male,186673,51,Doctor,1,1
1717,1718,Female,131521,62,Artist,0,6
1718,1719,Female,50223,15,Entertainment,8,1
1719,1720,Female,74308,23,Entertainment,1,2
1720,1721,Female,155881,22,Lawyer,0,7
1721,1722,Female,168303,16,Executive,9,4
1722,1723,Male,182748,58,Engineer,1,7
1723,1724,Female,52374,73,Artist,1,1
1724,1725,Female,86154,17,Doctor,1,2
1725,1726,Female,163612,51,Executive,0,5
1726,1727,Female,64756,17,Marketing,10,1
1727,1728,Male,185257,58,Artist,1,4
1728,1729,Male,78669,75,Artist,1,7
1729,1730,Male,164520,47,Artist,1,7
1730,1731,Female,92135,49,Homemaker,6,4
1731,1732,Male,103195,68,Doctor,0,7
1732,1733,Female,161663,36,Executive,1,7
1733,1734,Female,57039,34,Artist,2,6
1734,1735,Female,54754,4,Artist,0,2
1735,1736,Female,136531,76,Engineer,1,4
1736,1737,Male,120838,79,Artist,1,4
1737,1738,Male,127927,48,Doctor,0,4
1738,1739,Male,164214,77,Lawyer,0,4
1739,1740,Female,145498,66,Artist,8,4
1740,1741,Male,129215,69,Entertainment,9,6
1741,1742,Female,152429,76,Entertainment,0,2
1742,1743,Female,89252,31,Entertainment,0,5
1743,1744,Female,147447,23,Doctor,6,7
1744,1745,Female,74467,33,Lawyer,5,1
1745,1746,Female,127410,37,Engineer,8,2
1746,1747,Male,91290,44,Healthcare,7,7
1747,1748,Female,92812,97,Artist,5,7
1748,1749,Female,170166,18,Artist,10,4
1749,1750,Female,150823,75,Artist,4,1
1750,1751,Male,95839,30,Executive,7,2
1751,1752,Female,60175,60,Executive,9,7
1752,1753,Female,153024,91,Artist,10,7
1753,1754,Female,116858,67,Artist,5,7
1754,1755,Female,122961,47,Doctor,8,2
1755,1756,Male,141471,45,Artist,8,6
1756,1757,Male,76155,14,Healthcare,8,7
1757,1758,Male,108169,24,Executive,10,3
1758,1759,Female,139520,39,Artist,8,4
1759,1760,Male,182631,52,Artist,5,3
1760,1761,Female,177134,78,Healthcare,10,2
1761,1762,Female,181703,54,Lawyer,6,2
1762,1763,Female,61917,16,Artist,7,2
1763,1764,Female,140648,36,Executive,9,7
1764,1765,Female,176783,40,Doctor,9,4
1765,1766,Male,59741,67,Artist,10,5
1766,1767,Female,156567,89,Engineer,7,6
1767,1768,Female,110309,21,Artist,6,2
1768,1769,Female,111077,55,Artist,9,7
1769,1770,Female,170333,96,Entertainment,4,2
1770,1771,Male,183339,39,Artist,7,4
1771,1772,Female,84167,46,Artist,10,7
1772,1773,Female,184815,50,Lawyer,6,3
1773,1774,Female,122556,74,Artist,9,7
1774,1775,Female,174768,66,Entertainment,9,2
1775,1776,Male,172309,82,Executive,4,1
1776,1777,Male,117920,4,Doctor,10,4
1777,1778,Male,134882,61,Artist,10,3
1778,1779,Female,77259,11,Lawyer,6,6
1779,1780,Male,170019,38,Artist,7,2
1780,1781,Female,176884,94,Engineer,10,2
1781,1782,Female,106709,93,Marketing,10,2
1782,1783,Female,168723,31,Homemaker,7,2
1783,1784,Female,90228,68,Engineer,7,5
1784,1785,Female,89473,85,Lawyer,10,4
1785,1786,Male,131911,42,Healthcare,7,7
1786,1787,Female,140107,63,Marketing,6,6
1787,1788,Female,170403,44,Artist,4,5
1789,1790,Female,52648,2,Artist,5,2
1790,1791,Male,125471,48,Engineer,7,1
1791,1792,Female,106153,62,Artist,10,1
1792,1793,Male,124785,28,Lawyer,7,2
1793,1794,Female,101474,14,Homemaker,10,2
1794,1795,Female,141359,65,Healthcare,4,5
1795,1796,Female,57596,96,Artist,4,1
1796,1797,Female,78489,81,Artist,7,5
1797,1798,Male,112957,71,Executive,5,3
1798,1799,Male,82377,37,Engineer,9,2
1799,1800,Male,82315,53,Engineer,6,1
1800,1801,Male,93253,51,Artist,4,5
1801,1802,Male,189650,60,Lawyer,8,4
1802,1803,Female,114858,53,Artist,10,1
1803,1804,Female,62151,18,Artist,8,2
1804,1805,Female,135159,12,Engineer,7,6
1805,1806,Female,126263,55,Marketing,6,3
1806,1807,Female,123064,41,Artist,10,4
1807,1808,Female,181773,40,Healthcare,8,1
1808,1809,Male,171794,65,Artist,6,5
1809,1810,Female,156339,27,Homemaker,6,2
1810,1811,Male,65483,84,Marketing,10,7
1811,1812,Female,145654,22,Executive,6,3
1812,1813,Female,91609,43,Entertainment,8,1
1813,1814,Female,53002,73,Lawyer,5,5
1814,1815,Male,115699,61,Healthcare,9,1
1815,1816,Male,149609,44,Executive,9,2
1816,1817,Female,165254,7,Executive,9,7
1817,1818,Male,50418,49,Healthcare,5,1
1818,1819,Male,103531,90,Artist,10,5
1819,1820,Female,184060,98,Artist,10,5
1820,1821,Male,75961,70,Executive,5,7
1821,1822,Male,174163,28,Artist,4,2
1822,1823,Female,105255,54,Executive,8,3
1823,1824,Male,51860,4,Lawyer,4,5
1824,1825,Female,185218,83,Healthcare,4,6
1825,1826,Male,189709,18,Artist,6,6
1826,1827,Female,134665,66,Artist,7,2
1827,1828,Male,91352,9,Doctor,7,3
1828,1829,Female,154623,21,Artist,6,6
1829,1830,Female,113767,88,Artist,6,2
1830,1831,Male,160469,61,Lawyer,8,1
1831,1832,Female,99418,27,Artist,4,2
1832,1833,Male,56215,34,Healthcare,10,4
1833,1834,Male,55639,63,Healthcare,8,1
1834,1835,Female,62504,99,Artist,10,4
1835,1836,Female,151382,38,Lawyer,1,1
1836,1837,Female,156574,96,Marketing,0,7
1837,1838,Female,60998,35,Entertainment,1,7
1838,1839,Female,108509,36,Doctor,0,2
1839,1840,Female,85540,49,Homemaker,9,1
1840,1841,Female,73915,47,Artist,11,2
1841,1842,Male,148901,77,Healthcare,4,4
1842,1843,Male,152602,91,Entertainment,0,1
1843,1844,Female,58999,22,Entertainment,7,3
1844,1845,Female,133740,37,Artist,5,4
1845,1846,Female,113217,41,Lawyer,9,1
1846,1847,Female,60209,46,Artist,1,3
1847,1848,Female,145491,72,Entertainment,9,5
1848,1849,Female,61393,65,Doctor,7,5
1849,1850,Female,133252,55,Artist,1,1
1850,1851,Female,187234,14,Doctor,0,5
1851,1852,Male,145563,60,Entertainment,9,6
1852,1853,Female,165810,38,Healthcare,3,5
1853,1854,Male,125181,30,Artist,0,7
1854,1855,Female,56809,96,Healthcare,1,2
1855,1856,Male,69419,68,Healthcare,9,1
1856,1857,Female,70689,54,Artist,1,4
1857,1858,Male,55011,53,Artist,1,7
1858,1859,Female,87955,79,Engineer,0,2
1859,1860,Male,153660,24,Healthcare,0,5
1860,1861,Male,104494,28,Healthcare,6,4
1861,1862,Male,184443,44,Executive,3,7
1862,1863,Female,150778,35,Entertainment,1,7
1863,1864,Female,88729,81,Engineer,1,1
1864,1865,Male,151902,18,Artist,0,2
1865,1866,Male,51604,4,Artist,0,2
1866,1867,Female,157316,75,Artist,9,3
1867,1868,Female,125508,15,Artist,1,6
1868,1869,Male,186157,54,Healthcare,1,1
1869,1870,Female,169381,45,Entertainment,0,4
1870,1871,Male,110195,47,Homemaker,9,2
1871,1872,Female,81199,80,Entertainment,1,2
1872,1873,Female,58459,67,Executive,0,6
1873,1874,Female,173682,89,Artist,12,6
1874,1875,Male,162983,16,Entertainment,0,6
1875,1876,Male,94480,1,Executive,0,4
1876,1877,Female,168710,80,Doctor,1,4
1877,1878,Male,150193,83,Engineer,2,2
1878,1879,Female,91823,74,Artist,1,4
1879,1880,Female,173091,24,Entertainment,6,2
1880,1881,Male,102692,94,Healthcare,0,2
1881,1882,Male,156812,77,Healthcare,0,6
1882,1883,Male,51468,48,Artist,0,3
1883,1884,Female,114071,37,Healthcare,0,2
1885,1886,Male,129971,61,Artist,8,3
1886,1887,Female,104160,77,Engineer,4,4
1887,1888,Female,124995,66,Healthcare,0,1
1888,1889,Female,180437,50,Entertainment,1,5
1889,1890,Female,134644,96,Executive,1,2
1890,1891,Female,130089,67,Artist,0,5
1891,1892,Male,149318,27,Artist,4,1
1892,1893,Male,125591,79,Healthcare,8,6
1893,1894,Female,173047,17,Healthcare,0,3
1894,1895,Female,61298,91,Artist,0,5
1895,1896,Male,132993,55,Entertainment,8,2
1896,1897,Female,72313,36,Lawyer,1,5
1897,1898,Female,84885,9,Entertainment,6,5
1898,1899,Male,126228,95,Marketing,8,2
1899,1900,Male,51199,29,Executive,7,7
1900,1901,Female,54631,70,Artist,0,6
1901,1902,Female,131810,16,Healthcare,5,7
1902,1903,Male,138482,59,Marketing,8,4
1903,1904,Male,74081,87,Healthcare,4,3
1904,1905,Male,112426,54,Engineer,9,6
1906,1907,Female,53552,97,Marketing,7,6
1907,1908,Male,142147,78,Artist,8,4
1908,1909,Male,180324,41,Artist,9,2
1909,1910,Male,149067,78,Doctor,9,7
1910,1911,Male,184408,38,Entertainment,6,7
1911,1912,Female,59116,45,Artist,10,6
1912,1913,Female,174786,94,Executive,4,3
1913,1914,Male,71076,2,Artist,8,1
1914,1915,Female,56837,4,Healthcare,8,4
1915,1916,Female,134752,47,Engineer,6,5
1916,1917,Female,112887,80,Entertainment,9,6
1917,1918,Female,73128,74,Artist,7,5
1918,1919,Female,152765,17,Healthcare,8,1
1919,1920,Female,140637,19,Executive,8,7
1920,1921,Male,137973,50,Healthcare,7,7
1921,1922,Female,126791,34,Artist,6,4
1922,1923,Female,75125,89,Executive,8,3
1923,1924,Male,101718,11,Executive,8,3
1924,1925,Female,69654,30,Homemaker,4,4
1925,1926,Female,105935,46,Doctor,4,5
1926,1927,Male,74607,69,Healthcare,6,1
1927,1928,Male,151985,29,Healthcare,4,7
1928,1929,Male,76892,64,Executive,5,2
1929,1930,Male,87602,25,Executive,5,3
1930,1931,Male,182317,46,Healthcare,8,6
1931,1932,Male,158280,92,Executive,6,7
1933,1934,Female,128153,42,Artist,7,6
1934,1935,Male,142612,58,Doctor,4,6
1935,1936,Female,180163,9,Doctor,10,7
1936,1937,Female,68009,17,Artist,9,3
1937,1938,Male,166183,65,Artist,7,6
1938,1939,Male,132537,44,Doctor,5,3
1939,1940,Female,146308,49,Artist,5,1
1940,1941,Female,63454,38,Artist,5,5
1941,1942,Male,110519,6,Artist,9,4
1942,1943,Female,66728,50,Healthcare,10,5
1943,1944,Female,170638,64,Artist,4,5
1944,1945,Male,129635,100,Artist,6,4
1945,1946,Male,133587,74,Marketing,5,3
1946,1947,Male,126225,47,Engineer,7,4
1947,1948,Female,148776,21,Artist,8,5
1948,1949,Female,142602,64,Lawyer,7,6
1949,1950,Male,102413,38,Healthcare,5,5
1950,1951,Male,68765,69,Entertainment,4,1
1951,1952,Male,57522,75,Artist,10,5
1952,1953,Female,149237,80,Entertainment,8,6
1953,1954,Female,184844,24,Entertainment,6,1
1954,1955,Female,131656,45,Lawyer,9,6
1955,1956,Female,181026,39,Marketing,6,2
1956,1957,Male,101698,87,Artist,9,3
1957,1958,Female,152560,32,Entertainment,9,2
1958,1959,Male,142502,97,Doctor,5,1
1959,1960,Female,155432,21,Engineer,4,6
1960,1961,Female,108544,49,Entertainment,4,5
1961,1962,Female,106530,46,Engineer,7,2
1962,1963,Male,124359,51,Homemaker,7,7
1963,1964,Female,146970,90,Artist,7,6
1964,1965,Male,182176,96,Artist,9,5
1965,1966,Female,114435,34,Artist,8,3
1966,1967,Male,134213,32,Homemaker,8,4
1967,1968,Female,115580,73,Entertainment,8,5
1968,1969,Female,124034,88,Executive,10,2
1969,1970,Male,67894,42,Doctor,9,1
1970,1971,Male,107099,89,Executive,4,6
1971,1972,Male,140263,88,Entertainment,10,5
1972,1973,Male,104249,12,Engineer,5,2
1973,1974,Male,168821,36,Executive,4,5
1974,1975,Female,153145,59,Healthcare,8,6
1975,1976,Female,128960,43,Executive,9,4
1976,1977,Male,127438,82,Engineer,7,2
1977,1978,Male,125968,100,Lawyer,8,2
1978,1979,Male,104589,85,Artist,10,2
1979,1980,Male,165321,93,Doctor,8,1
1980,1981,Female,86925,76,Artist,7,2
1981,1982,Female,149797,19,Artist,5,6
1982,1983,Male,137094,68,Lawyer,4,1
1983,1984,Female,55395,41,Marketing,10,1
1984,1985,Female,153622,51,Lawyer,6,6
1985,1986,Male,74050,44,Entertainment,8,1
1986,1987,Female,68094,61,Doctor,4,7
1987,1988,Male,59244,80,Artist,7,1
1988,1989,Female,118944,77,Artist,4,4
1989,1990,Female,75293,55,Doctor,6,7
1990,1991,Female,166983,69,Artist,7,3
1991,1992,Female,129444,96,Entertainment,5,6
1992,1993,Male,181183,24,Marketing,9,3
1993,1994,Female,175254,100,Artist,9,5
1994,1995,Female,54121,89,Engineer,6,3
1995,1996,Female,184387,40,Artist,8,7
1996,1997,Female,73158,32,Doctor,7,7
1997,1998,Male,90961,14,Healthcare,9,2
1998,1999,Male,182109,4,Executive,7,2
1999,2000,Male,110610,52,Entertainment,5,2
